{
  "material": {
    "rho": 1.204,
    "mu": 0.0000181397
  },
  "physics": "SST",
  "init": {
    "u": 0,
    "v": 0,
    "p": 0,
    "k": 0.0000004184,
    "om": 2.78
  },
  "boundary": {
    "inlet": {
      "bounds": [1, 2, 3, 4],
      "u": 47.552,
      "v": 15.45,
      "k": 0.0000004184,
      "om": 2.78
    },
    "open": {
      "bounds": [5, 6],
      "k": 0.0000004184,
      "om": 2.78
    },
    "wall": {
      "bounds": [7, 8],
      "wall": "no slip"
    }
  }
}