{
    "material": {
        "rho": 1.204,
        "mu": 1.81397e-05
    },
    "physics": "SST",
    "init": {
        "u": 0,
        "v": 0,
        "p": 0,
        "k": 4.184e-07,
        "om": 2.78
    },
    "boundary": {
        "inlet": {
            "bounds": [
                3,
                4,
                2,
                1
            ],
            "u": 47.552825814757675,
            "v": 15.450849718747369,
            "k": 4.2e-07,
            "om": 2.78
        }
    }
}