\BOOKMARK [0][-]{chapter.1}{\376\377\0001\000\040\004\020\004\073\004\104\004\060\004\062\004\070\004\102\004\075\004\113\004\071\000\040\004\103\004\072\004\060\004\067\004\060\004\102\004\065\004\073\004\114\000\040\004\077\004\100\004\076\004\101\004\102\004\100\004\060\004\075\004\101\004\102\004\062\000\040\004\070\004\074\004\065\004\075}{}% 1
\BOOKMARK [1][-]{section.1.1}{\376\377\0001\000.\0001\000\040\004\037\004\100\004\076\004\101\004\102\004\100\004\060\004\075\004\101\004\102\004\062\004\060\000\040\004\070\004\074\004\065\004\075}{chapter.1}% 2
\BOOKMARK [0][-]{chapter.2}{\376\377\0002\000\040\004\030\004\065\004\100\004\060\004\100\004\105\004\070\004\107\004\065\004\101\004\072\004\070\004\071\000\040\004\101\004\077\004\070\004\101\004\076\004\072\000\040\004\072\004\073\004\060\004\101\004\101\004\076\004\062}{}% 3
\BOOKMARK [1][-]{section.2.1}{\376\377\0002\000.\0001\000\040\004\030\004\065\004\100\004\060\004\100\004\105\004\070\004\117\000\040\004\072\004\073\004\060\004\101\004\101\004\076\004\062}{chapter.2}% 4
\BOOKMARK [0][-]{chapter.3}{\376\377\0003\000\040\004\020\004\073\004\104\004\060\004\062\004\070\004\102\004\075\004\113\004\071\000\040\004\103\004\072\004\060\004\067\004\060\004\102\004\065\004\073\004\114\000\040\004\072\004\073\004\060\004\101\004\101\004\076\004\062}{}% 5
\BOOKMARK [1][-]{section.3.1}{\376\377\0003\000.\0001\000\040\004\032\004\073\004\060\004\101\004\101\004\113}{chapter.3}% 6
\BOOKMARK [0][-]{chapter.4}{\376\377\0004\000\040\004\041\004\077\004\070\004\101\004\076\004\072\000\040\004\104\004\060\004\071\004\073\004\076\004\062}{}% 7
\BOOKMARK [1][-]{section.4.1}{\376\377\0004\000.\0001\000\040\004\044\004\060\004\071\004\073\004\113}{chapter.4}% 8
\BOOKMARK [0][-]{chapter.5}{\376\377\0005\000\040\004\037\004\100\004\076\004\101\004\102\004\100\004\060\004\075\004\101\004\102\004\062\004\060\000\040\004\070\004\074\004\065\004\075}{}% 9
\BOOKMARK [1][-]{section.5.1}{\376\377\0005\000.\0001\000\040\004\037\004\100\004\076\004\101\004\102\004\100\004\060\004\075\004\101\004\102\004\062\004\076\000\040\004\070\004\074\004\065\004\075\000\040\000a\000d\000d\000\137\000c\000o\000m\000m\000a\000n\000d}{chapter.5}% 10
\BOOKMARK [1][-]{section.5.2}{\376\377\0005\000.\0002\000\040\004\037\004\100\004\076\004\101\004\102\004\100\004\060\004\075\004\101\004\102\004\062\004\076\000\040\004\070\004\074\004\065\004\075\000\040\000b\000e\000z\000i\000e\000r\000\137\000d\000i\000a\000l\000o\000g}{chapter.5}% 11
\BOOKMARK [1][-]{section.5.3}{\376\377\0005\000.\0003\000\040\004\037\004\100\004\076\004\101\004\102\004\100\004\060\004\075\004\101\004\102\004\062\004\076\000\040\004\070\004\074\004\065\004\075\000\040\000b\000o\000o\000l\000e\000a\000n\000\137\000i\000t\000e\000m}{chapter.5}% 12
\BOOKMARK [1][-]{section.5.4}{\376\377\0005\000.\0004\000\040\004\037\004\100\004\076\004\101\004\102\004\100\004\060\004\075\004\101\004\102\004\062\004\076\000\040\004\070\004\074\004\065\004\075\000\040\000b\000o\000o\000l\000e\000a\000n\000\137\000o\000p\000e\000r\000a\000t\000i\000o\000n\000s}{chapter.5}% 13
\BOOKMARK [1][-]{section.5.5}{\376\377\0005\000.\0005\000\040\004\037\004\100\004\076\004\101\004\102\004\100\004\060\004\075\004\101\004\102\004\062\004\076\000\040\004\070\004\074\004\065\004\075\000\040\000b\000o\000u\000n\000d\000a\000r\000y\000\137\000c\000o\000n\000d\000i\000t\000i\000o\000n\000s\000\137\000d\000i\000a\000l\000o\000g}{chapter.5}% 14
\BOOKMARK [1][-]{section.5.6}{\376\377\0005\000.\0006\000\040\004\037\004\100\004\076\004\101\004\102\004\100\004\060\004\075\004\101\004\102\004\062\004\076\000\040\004\070\004\074\004\065\004\075\000\040\000c\000o\000m\000m\000a\000n\000d}{chapter.5}% 15
\BOOKMARK [1][-]{section.5.7}{\376\377\0005\000.\0007\000\040\004\037\004\100\004\076\004\101\004\102\004\100\004\060\004\075\004\101\004\102\004\062\004\076\000\040\004\070\004\074\004\065\004\075\000\040\000c\000o\000m\000m\000a\000n\000d\000\137\000s\000e\000r\000v\000i\000c\000e}{chapter.5}% 16
\BOOKMARK [1][-]{section.5.8}{\376\377\0005\000.\0008\000\040\004\037\004\100\004\076\004\101\004\102\004\100\004\060\004\075\004\101\004\102\004\062\004\076\000\040\004\070\004\074\004\065\004\075\000\040\000c\000o\000m\000s\000o\000l}{chapter.5}% 17
\BOOKMARK [1][-]{section.5.9}{\376\377\0005\000.\0009\000\040\004\037\004\100\004\076\004\101\004\102\004\100\004\060\004\075\004\101\004\102\004\062\004\076\000\040\004\070\004\074\004\065\004\075\000\040\000d\000a\000t\000a\000\137\000p\000a\000r\000s\000e\000r}{chapter.5}% 18
\BOOKMARK [2][-]{subsection.5.9.1}{\376\377\0005\000.\0009\000.\0001\000\040\004\037\004\065\004\100\004\065\004\074\004\065\004\075\004\075\004\113\004\065}{section.5.9}% 19
\BOOKMARK [3][-]{subsubsection.5.9.1.1}{\376\377\0005\000.\0009\000.\0001\000.\0001\000\040\000c}{subsection.5.9.1}% 20
\BOOKMARK [3][-]{subsubsection.5.9.1.2}{\376\377\0005\000.\0009\000.\0001\000.\0002\000\040\000d\000a\000t\000a}{subsection.5.9.1}% 21
\BOOKMARK [3][-]{subsubsection.5.9.1.3}{\376\377\0005\000.\0009\000.\0001\000.\0003\000\040\000p\000a\000r\000s\000e\000r}{subsection.5.9.1}% 22
\BOOKMARK [1][-]{section.5.10}{\376\377\0005\000.\0001\0000\000\040\004\037\004\100\004\076\004\101\004\102\004\100\004\060\004\075\004\101\004\102\004\062\004\076\000\040\004\070\004\074\004\065\004\075\000\040\000d\000e\000l\000e\000t\000e\000\137\000c\000o\000m\000m\000a\000n\000d}{chapter.5}% 23
\BOOKMARK [1][-]{section.5.11}{\376\377\0005\000.\0001\0001\000\040\004\037\004\100\004\076\004\101\004\102\004\100\004\060\004\075\004\101\004\102\004\062\004\076\000\040\004\070\004\074\004\065\004\075\000\040\000d\000i\000a\000l\000o\000g}{chapter.5}% 24
\BOOKMARK [1][-]{section.5.12}{\376\377\0005\000.\0001\0002\000\040\004\037\004\100\004\076\004\101\004\102\004\100\004\060\004\075\004\101\004\102\004\062\004\076\000\040\004\070\004\074\004\065\004\075\000\040\000d\000i\000a\000l\000o\000g\000\137\000f\000a\000c\000t\000o\000r\000y}{chapter.5}% 25
\BOOKMARK [1][-]{section.5.13}{\376\377\0005\000.\0001\0003\000\040\004\037\004\100\004\076\004\101\004\102\004\100\004\060\004\075\004\101\004\102\004\062\004\076\000\040\004\070\004\074\004\065\004\075\000\040\000d\000o\000x\000y\000t\000e\000s\000t}{chapter.5}% 26
\BOOKMARK [1][-]{section.5.14}{\376\377\0005\000.\0001\0004\000\040\004\037\004\100\004\076\004\101\004\102\004\100\004\060\004\075\004\101\004\102\004\062\004\076\000\040\004\070\004\074\004\065\004\075\000\040\000d\000r\000a\000w\000i\000n\000g\000\137\000s\000e\000r\000v\000i\000c\000e}{chapter.5}% 27
\BOOKMARK [1][-]{section.5.15}{\376\377\0005\000.\0001\0005\000\040\004\037\004\100\004\076\004\101\004\102\004\100\004\060\004\075\004\101\004\102\004\062\004\076\000\040\004\070\004\074\004\065\004\075\000\040\000e\000d\000g\000e\000\137\000i\000t\000e\000m}{chapter.5}% 28
\BOOKMARK [2][-]{subsection.5.15.1}{\376\377\0005\000.\0001\0005\000.\0001\000\040\004\044\004\103\004\075\004\072\004\106\004\070\004\070}{section.5.15}% 29
\BOOKMARK [3][-]{subsubsection.5.15.1.1}{\376\377\0005\000.\0001\0005\000.\0001\000.\0001\000\040\000\137\000n\000e\000x\000t\000\137\000e\000d\000g\000e\000\137\000i\000d\000\050\000\051}{subsection.5.15.1}% 30
\BOOKMARK [2][-]{subsection.5.15.2}{\376\377\0005\000.\0001\0005\000.\0002\000\040\004\037\004\065\004\100\004\065\004\074\004\065\004\075\004\075\004\113\004\065}{section.5.15}% 31
\BOOKMARK [3][-]{subsubsection.5.15.2.1}{\376\377\0005\000.\0001\0005\000.\0002\000.\0001\000\040\000\137\000e\000d\000g\000e\000\137\000i\000d\000\137\000c\000o\000u\000n\000t\000e\000r}{subsection.5.15.2}% 32
\BOOKMARK [3][-]{subsubsection.5.15.2.2}{\376\377\0005\000.\0001\0005\000.\0002\000.\0002\000\040\000e}{subsection.5.15.2}% 33
\BOOKMARK [3][-]{subsubsection.5.15.2.3}{\376\377\0005\000.\0001\0005\000.\0002\000.\0003\000\040\000p}{subsection.5.15.2}% 34
\BOOKMARK [3][-]{subsubsection.5.15.2.4}{\376\377\0005\000.\0001\0005\000.\0002\000.\0004\000\040\000p\0001}{subsection.5.15.2}% 35
\BOOKMARK [3][-]{subsubsection.5.15.2.5}{\376\377\0005\000.\0001\0005\000.\0002\000.\0005\000\040\000p\0002}{subsection.5.15.2}% 36
\BOOKMARK [1][-]{section.5.16}{\376\377\0005\000.\0001\0006\000\040\004\037\004\100\004\076\004\101\004\102\004\100\004\060\004\075\004\101\004\102\004\062\004\076\000\040\004\070\004\074\004\065\004\075\000\040\000e\000d\000i\000t\000a\000b\000l\000e\000\137\000b\000e\000z\000i\000e\000r}{chapter.5}% 37
\BOOKMARK [1][-]{section.5.17}{\376\377\0005\000.\0001\0007\000\040\004\037\004\100\004\076\004\101\004\102\004\100\004\060\004\075\004\101\004\102\004\062\004\076\000\040\004\070\004\074\004\065\004\075\000\040\000e\000l\000l\000i\000p\000s\000e\000\137\000d\000i\000a\000l\000o\000g}{chapter.5}% 38
\BOOKMARK [1][-]{section.5.18}{\376\377\0005\000.\0001\0008\000\040\004\037\004\100\004\076\004\101\004\102\004\100\004\060\004\075\004\101\004\102\004\062\004\076\000\040\004\070\004\074\004\065\004\075\000\040\000e\000l\000l\000i\000p\000s\000e\000\137\000i\000t\000e\000m}{chapter.5}% 39
\BOOKMARK [2][-]{subsection.5.18.1}{\376\377\0005\000.\0001\0008\000.\0001\000\040\004\037\004\065\004\100\004\065\004\074\004\065\004\075\004\075\004\113\004\065}{section.5.18}% 40
\BOOKMARK [3][-]{subsubsection.5.18.1.1}{\376\377\0005\000.\0001\0008\000.\0001\000.\0001\000\040\000e\000l}{subsection.5.18.1}% 41
\BOOKMARK [1][-]{section.5.19}{\376\377\0005\000.\0001\0009\000\040\004\037\004\100\004\076\004\101\004\102\004\100\004\060\004\075\004\101\004\102\004\062\004\076\000\040\004\070\004\074\004\065\004\075\000\040\000e\000v\000e\000n\000t\000\137\000h\000a\000n\000d\000l\000e\000r}{chapter.5}% 42
\BOOKMARK [1][-]{section.5.20}{\376\377\0005\000.\0002\0000\000\040\004\037\004\100\004\076\004\101\004\102\004\100\004\060\004\075\004\101\004\102\004\062\004\076\000\040\004\070\004\074\004\065\004\075\000\040\000g\000m\000s\000h\000\137\000m\000e\000s\000h\000\137\000b\000u\000i\000l\000d\000e\000r}{chapter.5}% 43
\BOOKMARK [1][-]{section.5.21}{\376\377\0005\000.\0002\0001\000\040\004\037\004\100\004\076\004\101\004\102\004\100\004\060\004\075\004\101\004\102\004\062\004\076\000\040\004\070\004\074\004\065\004\075\000\040\000g\000r\000a\000p\000h\000i\000c\000s\000\137\000v\000i\000e\000w}{chapter.5}% 44
\BOOKMARK [1][-]{section.5.22}{\376\377\0005\000.\0002\0002\000\040\004\037\004\100\004\076\004\101\004\102\004\100\004\060\004\075\004\101\004\102\004\062\004\076\000\040\004\070\004\074\004\065\004\075\000\040\000g\000r\000i\000d\000\137\000s\000c\000e\000n\000e}{chapter.5}% 45
\BOOKMARK [1][-]{section.5.23}{\376\377\0005\000.\0002\0003\000\040\004\037\004\100\004\076\004\101\004\102\004\100\004\060\004\075\004\101\004\102\004\062\004\076\000\040\004\070\004\074\004\065\004\075\000\040\000i\000n\000i\000t\000i\000a\000l\000\137\000c\000o\000n\000d\000i\000t\000i\000o\000n\000s\000\137\000d\000i\000a\000l\000o\000g}{chapter.5}% 46
\BOOKMARK [1][-]{section.5.24}{\376\377\0005\000.\0002\0004\000\040\004\037\004\100\004\076\004\101\004\102\004\100\004\060\004\075\004\101\004\102\004\062\004\076\000\040\004\070\004\074\004\065\004\075\000\040\000l\000i\000n\000e\000\137\000d\000i\000a\000l\000o\000g}{chapter.5}% 47
\BOOKMARK [1][-]{section.5.25}{\376\377\0005\000.\0002\0005\000\040\004\037\004\100\004\076\004\101\004\102\004\100\004\060\004\075\004\101\004\102\004\062\004\076\000\040\004\070\004\074\004\065\004\075\000\040\000l\000i\000n\000e\000\137\000i\000t\000e\000m}{chapter.5}% 48
\BOOKMARK [1][-]{section.5.26}{\376\377\0005\000.\0002\0006\000\040\004\037\004\100\004\076\004\101\004\102\004\100\004\060\004\075\004\101\004\102\004\062\004\076\000\040\004\070\004\074\004\065\004\075\000\040\000m\000a\000i\000n}{chapter.5}% 49
\BOOKMARK [2][-]{subsection.5.26.1}{\376\377\0005\000.\0002\0006\000.\0001\000\040\004\037\004\065\004\100\004\065\004\074\004\065\004\075\004\075\004\113\004\065}{section.5.26}% 50
\BOOKMARK [3][-]{subsubsection.5.26.1.1}{\376\377\0005\000.\0002\0006\000.\0001\000.\0001\000\040\000a\000p\000p}{subsection.5.26.1}% 51
\BOOKMARK [3][-]{subsubsection.5.26.1.2}{\376\377\0005\000.\0002\0006\000.\0001\000.\0002\000\040\000D\000E\000B\000U\000G}{subsection.5.26.1}% 52
\BOOKMARK [3][-]{subsubsection.5.26.1.3}{\376\377\0005\000.\0002\0006\000.\0001\000.\0003\000\040\000f\000o\000n\000t}{subsection.5.26.1}% 53
\BOOKMARK [3][-]{subsubsection.5.26.1.4}{\376\377\0005\000.\0002\0006\000.\0001\000.\0004\000\040\000f\000o\000r\000m\000a\000t}{subsection.5.26.1}% 54
\BOOKMARK [3][-]{subsubsection.5.26.1.5}{\376\377\0005\000.\0002\0006\000.\0001\000.\0005\000\040\000l\000e\000v\000e\000l}{subsection.5.26.1}% 55
\BOOKMARK [3][-]{subsubsection.5.26.1.6}{\376\377\0005\000.\0002\0006\000.\0001\000.\0006\000\040\000s\000t\000r\000e\000a\000m}{subsection.5.26.1}% 56
\BOOKMARK [3][-]{subsubsection.5.26.1.7}{\376\377\0005\000.\0002\0006\000.\0001\000.\0007\000\040\000w\000i\000n\000d\000o\000w}{subsection.5.26.1}% 57
\BOOKMARK [1][-]{section.5.27}{\376\377\0005\000.\0002\0007\000\040\004\037\004\100\004\076\004\101\004\102\004\100\004\060\004\075\004\101\004\102\004\062\004\076\000\040\004\070\004\074\004\065\004\075\000\040\000m\000a\000i\000n\000\137\000w\000i\000n\000d\000o\000w}{chapter.5}% 58
\BOOKMARK [2][-]{subsection.5.27.1}{\376\377\0005\000.\0002\0007\000.\0001\000\040\004\037\004\065\004\100\004\065\004\074\004\065\004\075\004\075\004\113\004\065}{section.5.27}% 59
\BOOKMARK [3][-]{subsubsection.5.27.1.1}{\376\377\0005\000.\0002\0007\000.\0001\000.\0001\000\040\000a\000p\000p}{subsection.5.27.1}% 60
\BOOKMARK [3][-]{subsubsection.5.27.1.2}{\376\377\0005\000.\0002\0007\000.\0001\000.\0002\000\040\000w\000i\000n\000d\000o\000w}{subsection.5.27.1}% 61
\BOOKMARK [1][-]{section.5.28}{\376\377\0005\000.\0002\0008\000\040\004\037\004\100\004\076\004\101\004\102\004\100\004\060\004\075\004\101\004\102\004\062\004\076\000\040\004\070\004\074\004\065\004\075\000\040\000m\000a\000t\000e\000r\000i\000a\000l\000\137\000d\000i\000a\000l\000o\000g}{chapter.5}% 62
\BOOKMARK [1][-]{section.5.29}{\376\377\0005\000.\0002\0009\000\040\004\037\004\100\004\076\004\101\004\102\004\100\004\060\004\075\004\101\004\102\004\062\004\076\000\040\004\070\004\074\004\065\004\075\000\040\000m\000e\000s\000h\000\137\000d\000i\000a\000l\000o\000g}{chapter.5}% 63
\BOOKMARK [1][-]{section.5.30}{\376\377\0005\000.\0003\0000\000\040\004\037\004\100\004\076\004\101\004\102\004\100\004\060\004\075\004\101\004\102\004\062\004\076\000\040\004\070\004\074\004\065\004\075\000\040\000m\000o\000v\000e\000\137\000c\000o\000m\000m\000a\000n\000d}{chapter.5}% 64
\BOOKMARK [1][-]{section.5.31}{\376\377\0005\000.\0003\0001\000\040\004\037\004\100\004\076\004\101\004\102\004\100\004\060\004\075\004\101\004\102\004\062\004\076\000\040\004\070\004\074\004\065\004\075\000\040\000m\000p\000l\000\137\000c\000a\000n\000v\000a\000s}{chapter.5}% 65
\BOOKMARK [1][-]{section.5.32}{\376\377\0005\000.\0003\0002\000\040\004\037\004\100\004\076\004\101\004\102\004\100\004\060\004\075\004\101\004\102\004\062\004\076\000\040\004\070\004\074\004\065\004\075\000\040\000p\000a\000r\000a\000m\000e\000t\000r\000i\000c\000\137\000c\000u\000r\000v\000e\000\137\000i\000t\000e\000m}{chapter.5}% 66
\BOOKMARK [1][-]{section.5.33}{\376\377\0005\000.\0003\0003\000\040\004\037\004\100\004\076\004\101\004\102\004\100\004\060\004\075\004\101\004\102\004\062\004\076\000\040\004\070\004\074\004\065\004\075\000\040\000p\000a\000r\000a\000m\000e\000t\000r\000i\000c\000\137\000d\000i\000a\000l\000o\000g}{chapter.5}% 67
\BOOKMARK [1][-]{section.5.34}{\376\377\0005\000.\0003\0004\000\040\004\037\004\100\004\076\004\101\004\102\004\100\004\060\004\075\004\101\004\102\004\062\004\076\000\040\004\070\004\074\004\065\004\075\000\040\000p\000l\000o\000t\000t\000e\000r}{chapter.5}% 68
\BOOKMARK [1][-]{section.5.35}{\376\377\0005\000.\0003\0005\000\040\004\037\004\100\004\076\004\101\004\102\004\100\004\060\004\075\004\101\004\102\004\062\004\076\000\040\004\070\004\074\004\065\004\075\000\040\000r\000e\000c\000t\000\137\000d\000i\000a\000l\000o\000g}{chapter.5}% 69
\BOOKMARK [1][-]{section.5.36}{\376\377\0005\000.\0003\0006\000\040\004\037\004\100\004\076\004\101\004\102\004\100\004\060\004\075\004\101\004\102\004\062\004\076\000\040\004\070\004\074\004\065\004\075\000\040\000r\000e\000c\000t\000a\000n\000g\000l\000e\000\137\000i\000t\000e\000m}{chapter.5}% 70
\BOOKMARK [1][-]{section.5.37}{\376\377\0005\000.\0003\0007\000\040\004\037\004\100\004\076\004\101\004\102\004\100\004\060\004\075\004\101\004\102\004\062\004\076\000\040\004\070\004\074\004\065\004\075\000\040\000r\000o\000t\000a\000t\000e\000\137\000c\000o\000m\000m\000a\000n\000d}{chapter.5}% 71
\BOOKMARK [1][-]{section.5.38}{\376\377\0005\000.\0003\0008\000\040\004\037\004\100\004\076\004\101\004\102\004\100\004\060\004\075\004\101\004\102\004\062\004\076\000\040\004\070\004\074\004\065\004\075\000\040\000s\000e\000l\000e\000c\000t\000i\000o\000n\000\137\000s\000e\000r\000v\000i\000c\000e}{chapter.5}% 72
\BOOKMARK [1][-]{section.5.39}{\376\377\0005\000.\0003\0009\000\040\004\037\004\100\004\076\004\101\004\102\004\100\004\060\004\075\004\101\004\102\004\062\004\076\000\040\004\070\004\074\004\065\004\075\000\040\000t\000e\000m\000p\000l\000a\000t\000e}{chapter.5}% 73
\BOOKMARK [1][-]{section.5.40}{\376\377\0005\000.\0004\0000\000\040\004\037\004\100\004\076\004\101\004\102\004\100\004\060\004\075\004\101\004\102\004\062\004\076\000\040\004\070\004\074\004\065\004\075\000\040\000t\000r\000a\000n\000s\000f\000o\000r\000m\000a\000t\000i\000o\000n\000\137\000o\000p\000e\000r\000a\000t\000i\000o\000n\000s}{chapter.5}% 74
\BOOKMARK [1][-]{section.5.41}{\376\377\0005\000.\0004\0001\000\040\004\037\004\100\004\076\004\101\004\102\004\100\004\060\004\075\004\101\004\102\004\062\004\076\000\040\004\070\004\074\004\065\004\075\000\040\000t\000u\000r\000b\000u\000l\000e\000n\000c\000e\000\137\000d\000i\000a\000l\000o\000g}{chapter.5}% 75
\BOOKMARK [1][-]{section.5.42}{\376\377\0005\000.\0004\0002\000\040\004\037\004\100\004\076\004\101\004\102\004\100\004\060\004\075\004\101\004\102\004\062\004\076\000\040\004\070\004\074\004\065\004\075\000\040\000t\000u\000r\000b\000u\000l\000e\000n\000c\000e\000\137\000m\000o\000d\000e\000l\000s}{chapter.5}% 76
\BOOKMARK [0][-]{chapter.6}{\376\377\0006\000\040\004\032\004\073\004\060\004\101\004\101\004\113}{}% 77
\BOOKMARK [1][-]{section.6.1}{\376\377\0006\000.\0001\000\040\004\032\004\073\004\060\004\101\004\101\000\040\000a\000d\000d\000\137\000c\000o\000m\000m\000a\000n\000d\000.\000A\000d\000d\000C\000o\000m\000m\000a\000n\000d}{chapter.6}% 78
\BOOKMARK [2][-]{subsection.6.1.1}{\376\377\0006\000.\0001\000.\0001\000\040\004\032\004\076\004\075\004\101\004\102\004\100\004\103\004\072\004\102\004\076\004\100\000\050\004\113\000\051}{section.6.1}% 79
\BOOKMARK [3][-]{subsubsection.6.1.1.1}{\376\377\0006\000.\0001\000.\0001\000.\0001\000\040\000\137\000\137\000i\000n\000i\000t\000\137\000\137\000\050\000\051}{subsection.6.1.1}% 80
\BOOKMARK [2][-]{subsection.6.1.2}{\376\377\0006\000.\0001\000.\0002\000\040\004\034\004\065\004\102\004\076\004\064\004\113}{section.6.1}% 81
\BOOKMARK [3][-]{subsubsection.6.1.2.1}{\376\377\0006\000.\0001\000.\0002\000.\0001\000\040\000e\000x\000e\000c\000u\000t\000e\000\050\000\051}{subsection.6.1.2}% 82
\BOOKMARK [3][-]{subsubsection.6.1.2.2}{\376\377\0006\000.\0001\000.\0002\000.\0002\000\040\000u\000n\000d\000o\000\050\000\051}{subsection.6.1.2}% 83
\BOOKMARK [2][-]{subsection.6.1.3}{\376\377\0006\000.\0001\000.\0003\000\040\004\024\004\060\004\075\004\075\004\113\004\065\000\040\004\072\004\073\004\060\004\101\004\101\004\060}{section.6.1}% 84
\BOOKMARK [3][-]{subsubsection.6.1.3.1}{\376\377\0006\000.\0001\000.\0003\000.\0001\000\040\000i\000t\000e\000m}{subsection.6.1.3}% 85
\BOOKMARK [3][-]{subsubsection.6.1.3.2}{\376\377\0006\000.\0001\000.\0003\000.\0002\000\040\000s\000c\000e\000n\000e}{subsection.6.1.3}% 86
\BOOKMARK [1][-]{section.6.2}{\376\377\0006\000.\0002\000\040\004\032\004\073\004\060\004\101\004\101\000\040\000b\000e\000z\000i\000e\000r\000\137\000d\000i\000a\000l\000o\000g\000.\000B\000e\000z\000i\000e\000r\000D\000i\000a\000l\000o\000g}{chapter.6}% 87
\BOOKMARK [2][-]{subsection.6.2.1}{\376\377\0006\000.\0002\000.\0001\000\040\004\032\004\076\004\075\004\101\004\102\004\100\004\103\004\072\004\102\004\076\004\100\000\050\004\113\000\051}{section.6.2}% 88
\BOOKMARK [3][-]{subsubsection.6.2.1.1}{\376\377\0006\000.\0002\000.\0001\000.\0001\000\040\000\137\000\137\000i\000n\000i\000t\000\137\000\137\000\050\000\051}{subsection.6.2.1}% 89
\BOOKMARK [2][-]{subsection.6.2.2}{\376\377\0006\000.\0002\000.\0002\000\040\004\034\004\065\004\102\004\076\004\064\004\113}{section.6.2}% 90
\BOOKMARK [3][-]{subsubsection.6.2.2.1}{\376\377\0006\000.\0002\000.\0002\000.\0001\000\040\000g\000e\000t\000\137\000d\000a\000t\000a\000\050\000\051}{subsection.6.2.2}% 91
\BOOKMARK [2][-]{subsection.6.2.3}{\376\377\0006\000.\0002\000.\0003\000\040\004\024\004\060\004\075\004\075\004\113\004\065\000\040\004\072\004\073\004\060\004\101\004\101\004\060}{section.6.2}% 92
\BOOKMARK [3][-]{subsubsection.6.2.3.1}{\376\377\0006\000.\0002\000.\0003\000.\0001\000\040\000a\000c\000c\000e\000p\000t}{subsection.6.2.3}% 93
\BOOKMARK [3][-]{subsubsection.6.2.3.2}{\376\377\0006\000.\0002\000.\0003\000.\0002\000\040\000p\0000\000\137\000x}{subsection.6.2.3}% 94
\BOOKMARK [3][-]{subsubsection.6.2.3.3}{\376\377\0006\000.\0002\000.\0003\000.\0003\000\040\000p\0000\000\137\000y}{subsection.6.2.3}% 95
\BOOKMARK [3][-]{subsubsection.6.2.3.4}{\376\377\0006\000.\0002\000.\0003\000.\0004\000\040\000p\0001\000\137\000x}{subsection.6.2.3}% 96
\BOOKMARK [3][-]{subsubsection.6.2.3.5}{\376\377\0006\000.\0002\000.\0003\000.\0005\000\040\000p\0001\000\137\000y}{subsection.6.2.3}% 97
\BOOKMARK [3][-]{subsubsection.6.2.3.6}{\376\377\0006\000.\0002\000.\0003\000.\0006\000\040\000p\0002\000\137\000x}{subsection.6.2.3}% 98
\BOOKMARK [3][-]{subsubsection.6.2.3.7}{\376\377\0006\000.\0002\000.\0003\000.\0007\000\040\000p\0002\000\137\000y}{subsection.6.2.3}% 99
\BOOKMARK [3][-]{subsubsection.6.2.3.8}{\376\377\0006\000.\0002\000.\0003\000.\0008\000\040\000p\0003\000\137\000x}{subsection.6.2.3}% 100
\BOOKMARK [3][-]{subsubsection.6.2.3.9}{\376\377\0006\000.\0002\000.\0003\000.\0009\000\040\000p\0003\000\137\000y}{subsection.6.2.3}% 101
\BOOKMARK [3][-]{subsubsection.6.2.3.10}{\376\377\0006\000.\0002\000.\0003\000.\0001\0000\000\040\000r\000e\000j\000e\000c\000t}{subsection.6.2.3}% 102
\BOOKMARK [1][-]{section.6.3}{\376\377\0006\000.\0003\000\040\004\032\004\073\004\060\004\101\004\101\000\040\000b\000o\000o\000l\000e\000a\000n\000\137\000o\000p\000e\000r\000a\000t\000i\000o\000n\000s\000.\000B\000o\000o\000l\000e\000a\000n\000O\000p\000e\000r\000a\000t\000i\000o\000n\000s}{chapter.6}% 103
\BOOKMARK [2][-]{subsection.6.3.1}{\376\377\0006\000.\0003\000.\0001\000\040\004\032\004\076\004\075\004\101\004\102\004\100\004\103\004\072\004\102\004\076\004\100\000\050\004\113\000\051}{section.6.3}% 104
\BOOKMARK [3][-]{subsubsection.6.3.1.1}{\376\377\0006\000.\0003\000.\0001\000.\0001\000\040\000\137\000\137\000i\000n\000i\000t\000\137\000\137\000\050\000\051}{subsection.6.3.1}% 105
\BOOKMARK [2][-]{subsection.6.3.2}{\376\377\0006\000.\0003\000.\0002\000\040\004\034\004\065\004\102\004\076\004\064\004\113}{section.6.3}% 106
\BOOKMARK [3][-]{subsubsection.6.3.2.1}{\376\377\0006\000.\0003\000.\0002\000.\0001\000\040\000p\000e\000r\000f\000o\000r\000m\000\137\000d\000i\000f\000f\000e\000r\000e\000n\000c\000e\000\050\000\051}{subsection.6.3.2}% 107
\BOOKMARK [3][-]{subsubsection.6.3.2.2}{\376\377\0006\000.\0003\000.\0002\000.\0002\000\040\000p\000e\000r\000f\000o\000r\000m\000\137\000i\000n\000t\000e\000r\000s\000e\000c\000t\000i\000o\000n\000\050\000\051}{subsection.6.3.2}% 108
\BOOKMARK [3][-]{subsubsection.6.3.2.3}{\376\377\0006\000.\0003\000.\0002\000.\0003\000\040\000p\000e\000r\000f\000o\000r\000m\000\137\000u\000n\000i\000o\000n\000\050\000\051}{subsection.6.3.2}% 109
\BOOKMARK [2][-]{subsection.6.3.3}{\376\377\0006\000.\0003\000.\0003\000\040\004\024\004\060\004\075\004\075\004\113\004\065\000\040\004\072\004\073\004\060\004\101\004\101\004\060}{section.6.3}% 110
\BOOKMARK [3][-]{subsubsection.6.3.3.1}{\376\377\0006\000.\0003\000.\0003\000.\0001\000\040\000c\000o\000m\000m\000a\000n\000d\000\137\000s\000e\000r\000v\000i\000c\000e}{subsection.6.3.3}% 111
\BOOKMARK [3][-]{subsubsection.6.3.3.2}{\376\377\0006\000.\0003\000.\0003\000.\0002\000\040\000d\000r\000a\000w\000i\000n\000g\000\137\000s\000e\000r\000v\000i\000c\000e}{subsection.6.3.3}% 112
\BOOKMARK [3][-]{subsubsection.6.3.3.3}{\376\377\0006\000.\0003\000.\0003\000.\0003\000\040\000p\000a\000r\000e\000n\000t}{subsection.6.3.3}% 113
\BOOKMARK [3][-]{subsubsection.6.3.3.4}{\376\377\0006\000.\0003\000.\0003\000.\0004\000\040\000s\000c\000e\000n\000e}{subsection.6.3.3}% 114
\BOOKMARK [3][-]{subsubsection.6.3.3.5}{\376\377\0006\000.\0003\000.\0003\000.\0005\000\040\000s\000e\000l\000e\000c\000t\000i\000o\000n\000\137\000s\000e\000r\000v\000i\000c\000e}{subsection.6.3.3}% 115
\BOOKMARK [1][-]{section.6.4}{\376\377\0006\000.\0004\000\040\004\032\004\073\004\060\004\101\004\101\000\040\000b\000o\000o\000l\000e\000a\000n\000\137\000i\000t\000e\000m\000.\000B\000o\000o\000l\000e\000a\000n\000S\000h\000a\000p\000e\000I\000t\000e\000m}{chapter.6}% 116
\BOOKMARK [2][-]{subsection.6.4.1}{\376\377\0006\000.\0004\000.\0001\000\040\004\032\004\076\004\075\004\101\004\102\004\100\004\103\004\072\004\102\004\076\004\100\000\050\004\113\000\051}{section.6.4}% 117
\BOOKMARK [3][-]{subsubsection.6.4.1.1}{\376\377\0006\000.\0004\000.\0001\000.\0001\000\040\000\137\000\137\000i\000n\000i\000t\000\137\000\137\000\050\000\051}{subsection.6.4.1}% 118
\BOOKMARK [2][-]{subsection.6.4.2}{\376\377\0006\000.\0004\000.\0002\000\040\004\034\004\065\004\102\004\076\004\064\004\113}{section.6.4}% 119
\BOOKMARK [3][-]{subsubsection.6.4.2.1}{\376\377\0006\000.\0004\000.\0002\000.\0001\000\040\000\137\000\137\000r\000e\000p\000r\000\137\000\137\000\050\000\051}{subsection.6.4.2}% 120
\BOOKMARK [3][-]{subsubsection.6.4.2.2}{\376\377\0006\000.\0004\000.\0002\000.\0002\000\040\000g\000e\000n\000e\000r\000a\000t\000e\000\137\000e\000d\000g\000e\000s\000\050\000\051}{subsection.6.4.2}% 121
\BOOKMARK [2][-]{subsection.6.4.3}{\376\377\0006\000.\0004\000.\0003\000\040\004\024\004\060\004\075\004\075\004\113\004\065\000\040\004\072\004\073\004\060\004\101\004\101\004\060}{section.6.4}% 122
\BOOKMARK [3][-]{subsubsection.6.4.3.1}{\376\377\0006\000.\0004\000.\0003\000.\0001\000\040\000e\000d\000g\000e\000s}{subsection.6.4.3}% 123
\BOOKMARK [1][-]{section.6.5}{\376\377\0006\000.\0005\000\040\004\032\004\073\004\060\004\101\004\101\000\040\000t\000u\000r\000b\000u\000l\000e\000n\000c\000e\000\137\000m\000o\000d\000e\000l\000s\000.\000B\000o\000u\000n\000d\000a\000r\000y\000C\000o\000n\000d\000i\000t\000i\000o\000n\000s}{chapter.6}% 124
\BOOKMARK [1][-]{section.6.6}{\376\377\0006\000.\0006\000\040\004\032\004\073\004\060\004\101\004\101\000\040\000b\000o\000u\000n\000d\000a\000r\000y\000\137\000c\000o\000n\000d\000i\000t\000i\000o\000n\000s\000\137\000d\000i\000a\000l\000o\000g\000.\000B\000o\000u\000n\000d\000a\000r\000y\000C\000o\000n\000d\000i\000t\000i\000o\000n\000s\000D\000i\000a\000l\000o\000g}{chapter.6}% 125
\BOOKMARK [2][-]{subsection.6.6.1}{\376\377\0006\000.\0006\000.\0001\000\040\004\032\004\076\004\075\004\101\004\102\004\100\004\103\004\072\004\102\004\076\004\100\000\050\004\113\000\051}{section.6.6}% 126
\BOOKMARK [3][-]{subsubsection.6.6.1.1}{\376\377\0006\000.\0006\000.\0001\000.\0001\000\040\000\137\000\137\000i\000n\000i\000t\000\137\000\137\000\050\000\051}{subsection.6.6.1}% 127
\BOOKMARK [2][-]{subsection.6.6.2}{\376\377\0006\000.\0006\000.\0002\000\040\004\034\004\065\004\102\004\076\004\064\004\113}{section.6.6}% 128
\BOOKMARK [3][-]{subsubsection.6.6.2.1}{\376\377\0006\000.\0006\000.\0002\000.\0001\000\040\000g\000e\000t\000\137\000d\000a\000t\000a\000\050\000\051}{subsection.6.6.2}% 129
\BOOKMARK [3][-]{subsubsection.6.6.2.2}{\376\377\0006\000.\0006\000.\0002\000.\0002\000\040\000o\000n\000\137\000t\000y\000p\000e\000\137\000c\000h\000a\000n\000g\000e\000\050\000\051}{subsection.6.6.2}% 130
\BOOKMARK [2][-]{subsection.6.6.3}{\376\377\0006\000.\0006\000.\0003\000\040\004\024\004\060\004\075\004\075\004\113\004\065\000\040\004\072\004\073\004\060\004\101\004\101\004\060}{section.6.6}% 131
\BOOKMARK [3][-]{subsubsection.6.6.3.1}{\376\377\0006\000.\0006\000.\0003\000.\0001\000\040\000a\000c\000c\000e\000p\000t}{subsection.6.6.3}% 132
\BOOKMARK [3][-]{subsubsection.6.6.3.2}{\376\377\0006\000.\0006\000.\0003\000.\0002\000\040\000i\000n\000p\000u\000t\000s\000\137\000f\000o\000r\000m}{subsection.6.6.3}% 133
\BOOKMARK [3][-]{subsubsection.6.6.3.3}{\376\377\0006\000.\0006\000.\0003\000.\0003\000\040\000k\000\137\000i\000n\000p\000u\000t}{subsection.6.6.3}% 134
\BOOKMARK [3][-]{subsubsection.6.6.3.4}{\376\377\0006\000.\0006\000.\0003\000.\0004\000\040\000o\000m\000\137\000i\000n\000p\000u\000t}{subsection.6.6.3}% 135
\BOOKMARK [3][-]{subsubsection.6.6.3.5}{\376\377\0006\000.\0006\000.\0003\000.\0005\000\040\000o\000n\000\137\000t\000y\000p\000e\000\137\000c\000h\000a\000n\000g\000e}{subsection.6.6.3}% 136
\BOOKMARK [3][-]{subsubsection.6.6.3.6}{\376\377\0006\000.\0006\000.\0003\000.\0006\000\040\000r\000e\000j\000e\000c\000t}{subsection.6.6.3}% 137
\BOOKMARK [3][-]{subsubsection.6.6.3.7}{\376\377\0006\000.\0006\000.\0003\000.\0007\000\040\000t\000u\000r\000b\000\137\000t\000y\000p\000e}{subsection.6.6.3}% 138
\BOOKMARK [3][-]{subsubsection.6.6.3.8}{\376\377\0006\000.\0006\000.\0003\000.\0008\000\040\000t\000y\000p\000e\000\137\000c\000o\000m\000b\000o}{subsection.6.6.3}% 139
\BOOKMARK [3][-]{subsubsection.6.6.3.9}{\376\377\0006\000.\0006\000.\0003\000.\0009\000\040\000u\000\137\000i\000n\000p\000u\000t}{subsection.6.6.3}% 140
\BOOKMARK [3][-]{subsubsection.6.6.3.10}{\376\377\0006\000.\0006\000.\0003\000.\0001\0000\000\040\000v\000\137\000i\000n\000p\000u\000t}{subsection.6.6.3}% 141
\BOOKMARK [3][-]{subsubsection.6.6.3.11}{\376\377\0006\000.\0006\000.\0003\000.\0001\0001\000\040\000w\000a\000l\000l\000\137\000t\000y\000p\000e\000\137\000c\000o\000m\000b\000o}{subsection.6.6.3}% 142
\BOOKMARK [3][-]{subsubsection.6.6.3.12}{\376\377\0006\000.\0006\000.\0003\000.\0001\0002\000\040\000w\000a\000l\000l\000\137\000w\000i\000d\000g\000e\000t}{subsection.6.6.3}% 143
\BOOKMARK [1][-]{section.6.7}{\376\377\0006\000.\0007\000\040\004\032\004\073\004\060\004\101\004\101\000\040\000t\000u\000r\000b\000u\000l\000e\000n\000c\000e\000\137\000m\000o\000d\000e\000l\000s\000.\000B\000o\000u\000n\000d\000a\000r\000y\000C\000o\000n\000d\000i\000t\000i\000o\000n\000T\000y\000p\000e}{chapter.6}% 144
\BOOKMARK [2][-]{subsection.6.7.1}{\376\377\0006\000.\0007\000.\0001\000\040\004\024\004\060\004\075\004\075\004\113\004\065\000\040\004\072\004\073\004\060\004\101\004\101\004\060}{section.6.7}% 145
\BOOKMARK [3][-]{subsubsection.6.7.1.1}{\376\377\0006\000.\0007\000.\0001\000.\0001\000\040\000I\000N\000L\000E\000T}{subsection.6.7.1}% 146
\BOOKMARK [3][-]{subsubsection.6.7.1.2}{\376\377\0006\000.\0007\000.\0001\000.\0002\000\040\000O\000P\000E\000N}{subsection.6.7.1}% 147
\BOOKMARK [3][-]{subsubsection.6.7.1.3}{\376\377\0006\000.\0007\000.\0001\000.\0003\000\040\000W\000A\000L\000L}{subsection.6.7.1}% 148
\BOOKMARK [1][-]{section.6.8}{\376\377\0006\000.\0008\000\040\004\032\004\073\004\060\004\101\004\101\000\040\000c\000o\000m\000m\000a\000n\000d\000.\000C\000o\000m\000m\000a\000n\000d}{chapter.6}% 149
\BOOKMARK [2][-]{subsection.6.8.1}{\376\377\0006\000.\0008\000.\0001\000\040\004\034\004\065\004\102\004\076\004\064\004\113}{section.6.8}% 150
\BOOKMARK [3][-]{subsubsection.6.8.1.1}{\376\377\0006\000.\0008\000.\0001\000.\0001\000\040\000e\000x\000e\000c\000u\000t\000e\000\050\000\051}{subsection.6.8.1}% 151
\BOOKMARK [3][-]{subsubsection.6.8.1.2}{\376\377\0006\000.\0008\000.\0001\000.\0002\000\040\000u\000n\000d\000o\000\050\000\051}{subsection.6.8.1}% 152
\BOOKMARK [1][-]{section.6.9}{\376\377\0006\000.\0009\000\040\004\032\004\073\004\060\004\101\004\101\000\040\000c\000o\000m\000m\000a\000n\000d\000\137\000s\000e\000r\000v\000i\000c\000e\000.\000C\000o\000m\000m\000a\000n\000d\000S\000e\000r\000v\000i\000c\000e}{chapter.6}% 153
\BOOKMARK [2][-]{subsection.6.9.1}{\376\377\0006\000.\0009\000.\0001\000\040\004\032\004\076\004\075\004\101\004\102\004\100\004\103\004\072\004\102\004\076\004\100\000\050\004\113\000\051}{section.6.9}% 154
\BOOKMARK [3][-]{subsubsection.6.9.1.1}{\376\377\0006\000.\0009\000.\0001\000.\0001\000\040\000\137\000\137\000i\000n\000i\000t\000\137\000\137\000\050\000\051}{subsection.6.9.1}% 155
\BOOKMARK [2][-]{subsection.6.9.2}{\376\377\0006\000.\0009\000.\0002\000\040\004\034\004\065\004\102\004\076\004\064\004\113}{section.6.9}% 156
\BOOKMARK [3][-]{subsubsection.6.9.2.1}{\376\377\0006\000.\0009\000.\0002\000.\0001\000\040\000a\000p\000p\000e\000n\000d\000\050\000\051}{subsection.6.9.2}% 157
\BOOKMARK [3][-]{subsubsection.6.9.2.2}{\376\377\0006\000.\0009\000.\0002\000.\0002\000\040\000e\000x\000e\000c\000u\000t\000e\000\050\000\051}{subsection.6.9.2}% 158
\BOOKMARK [3][-]{subsubsection.6.9.2.3}{\376\377\0006\000.\0009\000.\0002\000.\0003\000\040\000r\000e\000d\000o\000\050\000\051}{subsection.6.9.2}% 159
\BOOKMARK [3][-]{subsubsection.6.9.2.4}{\376\377\0006\000.\0009\000.\0002\000.\0004\000\040\000u\000n\000d\000o\000\050\000\051}{subsection.6.9.2}% 160
\BOOKMARK [2][-]{subsection.6.9.3}{\376\377\0006\000.\0009\000.\0003\000\040\004\024\004\060\004\075\004\075\004\113\004\065\000\040\004\072\004\073\004\060\004\101\004\101\004\060}{section.6.9}% 161
\BOOKMARK [3][-]{subsubsection.6.9.3.1}{\376\377\0006\000.\0009\000.\0003\000.\0001\000\040\000r\000e\000d\000o\000\137\000s\000t\000a\000c\000k}{subsection.6.9.3}% 162
\BOOKMARK [3][-]{subsubsection.6.9.3.2}{\376\377\0006\000.\0009\000.\0003\000.\0002\000\040\000u\000n\000d\000o\000\137\000s\000t\000a\000c\000k}{subsection.6.9.3}% 163
\BOOKMARK [1][-]{section.6.10}{\376\377\0006\000.\0001\0000\000\040\004\032\004\073\004\060\004\101\004\101\000\040\000d\000a\000t\000a\000\137\000p\000a\000r\000s\000e\000r\000.\000D\000a\000t\000a\000P\000a\000r\000s\000e\000r}{chapter.6}% 164
\BOOKMARK [2][-]{subsection.6.10.1}{\376\377\0006\000.\0001\0000\000.\0001\000\040\004\032\004\076\004\075\004\101\004\102\004\100\004\103\004\072\004\102\004\076\004\100\000\050\004\113\000\051}{section.6.10}% 165
\BOOKMARK [3][-]{subsubsection.6.10.1.1}{\376\377\0006\000.\0001\0000\000.\0001\000.\0001\000\040\000\137\000\137\000i\000n\000i\000t\000\137\000\137\000\050\000\051}{subsection.6.10.1}% 166
\BOOKMARK [2][-]{subsection.6.10.2}{\376\377\0006\000.\0001\0000\000.\0002\000\040\004\034\004\065\004\102\004\076\004\064\004\113}{section.6.10}% 167
\BOOKMARK [3][-]{subsubsection.6.10.2.1}{\376\377\0006\000.\0001\0000\000.\0002\000.\0001\000\040\000p\000a\000r\000s\000e\000\050\000\051}{subsection.6.10.2}% 168
\BOOKMARK [2][-]{subsection.6.10.3}{\376\377\0006\000.\0001\0000\000.\0003\000\040\004\024\004\060\004\075\004\075\004\113\004\065\000\040\004\072\004\073\004\060\004\101\004\101\004\060}{section.6.10}% 169
\BOOKMARK [3][-]{subsubsection.6.10.3.1}{\376\377\0006\000.\0001\0000\000.\0003\000.\0001\000\040\000f\000i\000l\000e\000\137\000p\000a\000t\000h}{subsection.6.10.3}% 170
\BOOKMARK [3][-]{subsubsection.6.10.3.2}{\376\377\0006\000.\0001\0000\000.\0003\000.\0002\000\040\000s\000e\000p\000a\000r\000a\000t\000o\000r}{subsection.6.10.3}% 171
\BOOKMARK [1][-]{section.6.11}{\376\377\0006\000.\0001\0001\000\040\004\032\004\073\004\060\004\101\004\101\000\040\000d\000e\000l\000e\000t\000e\000\137\000c\000o\000m\000m\000a\000n\000d\000.\000D\000e\000l\000e\000t\000e\000C\000o\000m\000m\000a\000n\000d}{chapter.6}% 172
\BOOKMARK [2][-]{subsection.6.11.1}{\376\377\0006\000.\0001\0001\000.\0001\000\040\004\032\004\076\004\075\004\101\004\102\004\100\004\103\004\072\004\102\004\076\004\100\000\050\004\113\000\051}{section.6.11}% 173
\BOOKMARK [3][-]{subsubsection.6.11.1.1}{\376\377\0006\000.\0001\0001\000.\0001\000.\0001\000\040\000\137\000\137\000i\000n\000i\000t\000\137\000\137\000\050\000\051}{subsection.6.11.1}% 174
\BOOKMARK [2][-]{subsection.6.11.2}{\376\377\0006\000.\0001\0001\000.\0002\000\040\004\034\004\065\004\102\004\076\004\064\004\113}{section.6.11}% 175
\BOOKMARK [3][-]{subsubsection.6.11.2.1}{\376\377\0006\000.\0001\0001\000.\0002\000.\0001\000\040\000e\000x\000e\000c\000u\000t\000e\000\050\000\051}{subsection.6.11.2}% 176
\BOOKMARK [3][-]{subsubsection.6.11.2.2}{\376\377\0006\000.\0001\0001\000.\0002\000.\0002\000\040\000u\000n\000d\000o\000\050\000\051}{subsection.6.11.2}% 177
\BOOKMARK [2][-]{subsection.6.11.3}{\376\377\0006\000.\0001\0001\000.\0003\000\040\004\024\004\060\004\075\004\075\004\113\004\065\000\040\004\072\004\073\004\060\004\101\004\101\004\060}{section.6.11}% 178
\BOOKMARK [3][-]{subsubsection.6.11.3.1}{\376\377\0006\000.\0001\0001\000.\0003\000.\0001\000\040\000i\000t\000e\000m\000s}{subsection.6.11.3}% 179
\BOOKMARK [3][-]{subsubsection.6.11.3.2}{\376\377\0006\000.\0001\0001\000.\0003\000.\0002\000\040\000m\000e\000s\000h\000\137\000m\000a\000p}{subsection.6.11.3}% 180
\BOOKMARK [3][-]{subsubsection.6.11.3.3}{\376\377\0006\000.\0001\0001\000.\0003\000.\0003\000\040\000r\000e\000m\000o\000v\000e\000d\000\137\000m\000e\000s\000h}{subsection.6.11.3}% 181
\BOOKMARK [3][-]{subsubsection.6.11.3.4}{\376\377\0006\000.\0001\0001\000.\0003\000.\0004\000\040\000s\000c\000e\000n\000e}{subsection.6.11.3}% 182
\BOOKMARK [3][-]{subsubsection.6.11.3.5}{\376\377\0006\000.\0001\0001\000.\0003\000.\0005\000\040\000s\000e\000l\000e\000c\000t\000e\000d\000\137\000i\000t\000e\000m\000s}{subsection.6.11.3}% 183
\BOOKMARK [1][-]{section.6.12}{\376\377\0006\000.\0001\0002\000\040\004\032\004\073\004\060\004\101\004\101\000\040\000d\000i\000a\000l\000o\000g\000.\000D\000i\000a\000l\000o\000g}{chapter.6}% 184
\BOOKMARK [2][-]{subsection.6.12.1}{\376\377\0006\000.\0001\0002\000.\0001\000\040\004\034\004\065\004\102\004\076\004\064\004\113}{section.6.12}% 185
\BOOKMARK [3][-]{subsubsection.6.12.1.1}{\376\377\0006\000.\0001\0002\000.\0001\000.\0001\000\040\000g\000e\000t\000\137\000d\000a\000t\000a\000\050\000\051}{subsection.6.12.1}% 186
\BOOKMARK [1][-]{section.6.13}{\376\377\0006\000.\0001\0003\000\040\004\032\004\073\004\060\004\101\004\101\000\040\000d\000i\000a\000l\000o\000g\000\137\000f\000a\000c\000t\000o\000r\000y\000.\000D\000i\000a\000l\000o\000g\000F\000a\000c\000t\000o\000r\000y}{chapter.6}% 187
\BOOKMARK [2][-]{subsection.6.13.1}{\376\377\0006\000.\0001\0003\000.\0001\000\040\004\034\004\065\004\102\004\076\004\064\004\113}{section.6.13}% 188
\BOOKMARK [3][-]{subsubsection.6.13.1.1}{\376\377\0006\000.\0001\0003\000.\0001\000.\0001\000\040\000c\000r\000e\000a\000t\000e\000\137\000d\000i\000a\000l\000o\000g\000\050\000\051}{subsection.6.13.1}% 189
\BOOKMARK [1][-]{section.6.14}{\376\377\0006\000.\0001\0004\000\040\004\032\004\073\004\060\004\101\004\101\000\040\000d\000o\000x\000y\000t\000e\000s\000t\000.\000D\000o\000x\000y\000T\000e\000s\000t}{chapter.6}% 190
\BOOKMARK [2][-]{subsection.6.14.1}{\376\377\0006\000.\0001\0004\000.\0001\000\040\004\037\004\076\004\064\004\100\004\076\004\061\004\075\004\076\004\065\000\040\004\076\004\077\004\070\004\101\004\060\004\075\004\070\004\065}{section.6.14}% 191
\BOOKMARK [2][-]{subsection.6.14.2}{\376\377\0006\000.\0001\0004\000.\0002\000\040\004\032\004\076\004\075\004\101\004\102\004\100\004\103\004\072\004\102\004\076\004\100\000\050\004\113\000\051}{section.6.14}% 192
\BOOKMARK [3][-]{subsubsection.6.14.2.1}{\376\377\0006\000.\0001\0004\000.\0002\000.\0001\000\040\000\137\000\137\000i\000n\000i\000t\000\137\000\137\000\050\000\051}{subsection.6.14.2}% 193
\BOOKMARK [2][-]{subsection.6.14.3}{\376\377\0006\000.\0001\0004\000.\0003\000\040\004\034\004\065\004\102\004\076\004\064\004\113}{section.6.14}% 194
\BOOKMARK [3][-]{subsubsection.6.14.3.1}{\376\377\0006\000.\0001\0004\000.\0003\000.\0001\000\040\000t\000e\000s\000t\000\050\000\051}{subsection.6.14.3}% 195
\BOOKMARK [1][-]{section.6.15}{\376\377\0006\000.\0001\0005\000\040\004\032\004\073\004\060\004\101\004\101\000\040\000e\000d\000i\000t\000a\000b\000l\000e\000\137\000b\000e\000z\000i\000e\000r\000.\000D\000r\000a\000g\000g\000a\000b\000l\000e\000P\000o\000i\000n\000t}{chapter.6}% 196
\BOOKMARK [2][-]{subsection.6.15.1}{\376\377\0006\000.\0001\0005\000.\0001\000\040\004\032\004\076\004\075\004\101\004\102\004\100\004\103\004\072\004\102\004\076\004\100\000\050\004\113\000\051}{section.6.15}% 197
\BOOKMARK [3][-]{subsubsection.6.15.1.1}{\376\377\0006\000.\0001\0005\000.\0001\000.\0001\000\040\000\137\000\137\000i\000n\000i\000t\000\137\000\137\000\050\000\051}{subsection.6.15.1}% 198
\BOOKMARK [2][-]{subsection.6.15.2}{\376\377\0006\000.\0001\0005\000.\0002\000\040\004\034\004\065\004\102\004\076\004\064\004\113}{section.6.15}% 199
\BOOKMARK [3][-]{subsubsection.6.15.2.1}{\376\377\0006\000.\0001\0005\000.\0002\000.\0001\000\040\000i\000t\000e\000m\000C\000h\000a\000n\000g\000e\000\050\000\051}{subsection.6.15.2}% 200
\BOOKMARK [2][-]{subsection.6.15.3}{\376\377\0006\000.\0001\0005\000.\0003\000\040\004\024\004\060\004\075\004\075\004\113\004\065\000\040\004\072\004\073\004\060\004\101\004\101\004\060}{section.6.15}% 201
\BOOKMARK [3][-]{subsubsection.6.15.3.1}{\376\377\0006\000.\0001\0005\000.\0003\000.\0001\000\040\000c\000u\000r\000v\000e\000\137\000r\000e\000f}{subsection.6.15.3}% 202
\BOOKMARK [3][-]{subsubsection.6.15.3.2}{\376\377\0006\000.\0001\0005\000.\0003\000.\0002\000\040\000i\000n\000d\000e\000x}{subsection.6.15.3}% 203
\BOOKMARK [1][-]{section.6.16}{\376\377\0006\000.\0001\0006\000\040\004\032\004\073\004\060\004\101\004\101\000\040\000d\000r\000a\000w\000i\000n\000g\000\137\000s\000e\000r\000v\000i\000c\000e\000.\000D\000r\000a\000w\000i\000n\000g\000S\000e\000r\000v\000i\000c\000e}{chapter.6}% 204
\BOOKMARK [2][-]{subsection.6.16.1}{\376\377\0006\000.\0001\0006\000.\0001\000\040\004\032\004\076\004\075\004\101\004\102\004\100\004\103\004\072\004\102\004\076\004\100\000\050\004\113\000\051}{section.6.16}% 205
\BOOKMARK [3][-]{subsubsection.6.16.1.1}{\376\377\0006\000.\0001\0006\000.\0001\000.\0001\000\040\000\137\000\137\000i\000n\000i\000t\000\137\000\137\000\050\000\051}{subsection.6.16.1}% 206
\BOOKMARK [2][-]{subsection.6.16.2}{\376\377\0006\000.\0001\0006\000.\0002\000\040\004\034\004\065\004\102\004\076\004\064\004\113}{section.6.16}% 207
\BOOKMARK [3][-]{subsubsection.6.16.2.1}{\376\377\0006\000.\0001\0006\000.\0002\000.\0001\000\040\000d\000r\000a\000w\000\137\000c\000u\000r\000v\000e\000\137\000b\000y\000\137\000p\000a\000r\000a\000m\000s\000\050\000\051}{subsection.6.16.2}% 208
\BOOKMARK [3][-]{subsubsection.6.16.2.2}{\376\377\0006\000.\0001\0006\000.\0002\000.\0002\000\040\000d\000r\000a\000w\000\137\000e\000l\000l\000i\000p\000s\000e\000\137\000b\000y\000\137\000p\000a\000r\000a\000m\000s\000\050\000\051}{subsection.6.16.2}% 209
\BOOKMARK [3][-]{subsubsection.6.16.2.3}{\376\377\0006\000.\0001\0006\000.\0002\000.\0003\000\040\000d\000r\000a\000w\000\137\000l\000i\000n\000e\000\137\000b\000y\000\137\000p\000a\000r\000a\000m\000s\000\050\000\051}{subsection.6.16.2}% 210
\BOOKMARK [3][-]{subsubsection.6.16.2.4}{\376\377\0006\000.\0001\0006\000.\0002\000.\0004\000\040\000d\000r\000a\000w\000\137\000p\000a\000r\000a\000m\000e\000t\000r\000i\000c\000\050\000\051}{subsection.6.16.2}% 211
\BOOKMARK [3][-]{subsubsection.6.16.2.5}{\376\377\0006\000.\0001\0006\000.\0002\000.\0005\000\040\000d\000r\000a\000w\000\137\000r\000e\000c\000t\000\137\000b\000y\000\137\000p\000a\000r\000a\000m\000s\000\050\000\051}{subsection.6.16.2}% 212
\BOOKMARK [2][-]{subsection.6.16.3}{\376\377\0006\000.\0001\0006\000.\0003\000\040\004\024\004\060\004\075\004\075\004\113\004\065\000\040\004\072\004\073\004\060\004\101\004\101\004\060}{section.6.16}% 213
\BOOKMARK [3][-]{subsubsection.6.16.3.1}{\376\377\0006\000.\0001\0006\000.\0003\000.\0001\000\040\000c\000o\000m\000m\000a\000n\000d\000\137\000s\000e\000r\000v\000i\000c\000e}{subsection.6.16.3}% 214
\BOOKMARK [3][-]{subsubsection.6.16.3.2}{\376\377\0006\000.\0001\0006\000.\0003\000.\0002\000\040\000d\000e\000f\000a\000u\000l\000t\000\137\000p\000e\000n}{subsection.6.16.3}% 215
\BOOKMARK [3][-]{subsubsection.6.16.3.3}{\376\377\0006\000.\0001\0006\000.\0003\000.\0003\000\040\000p\000a\000r\000e\000n\000t}{subsection.6.16.3}% 216
\BOOKMARK [3][-]{subsubsection.6.16.3.4}{\376\377\0006\000.\0001\0006\000.\0003\000.\0004\000\040\000s\000c\000e\000n\000e}{subsection.6.16.3}% 217
\BOOKMARK [3][-]{subsubsection.6.16.3.5}{\376\377\0006\000.\0001\0006\000.\0003\000.\0005\000\040\000s\000e\000l\000e\000c\000t\000i\000o\000n\000\137\000s\000e\000r\000v\000i\000c\000e}{subsection.6.16.3}% 218
\BOOKMARK [1][-]{section.6.17}{\376\377\0006\000.\0001\0007\000\040\004\032\004\073\004\060\004\101\004\101\000\040\000e\000d\000g\000e\000\137\000i\000t\000e\000m\000.\000E\000d\000g\000e\000I\000t\000e\000m}{chapter.6}% 219
\BOOKMARK [2][-]{subsection.6.17.1}{\376\377\0006\000.\0001\0007\000.\0001\000\040\004\032\004\076\004\075\004\101\004\102\004\100\004\103\004\072\004\102\004\076\004\100\000\050\004\113\000\051}{section.6.17}% 220
\BOOKMARK [3][-]{subsubsection.6.17.1.1}{\376\377\0006\000.\0001\0007\000.\0001\000.\0001\000\040\000\137\000\137\000i\000n\000i\000t\000\137\000\137\000\050\000\051}{subsection.6.17.1}% 221
\BOOKMARK [2][-]{subsection.6.17.2}{\376\377\0006\000.\0001\0007\000.\0002\000\040\004\034\004\065\004\102\004\076\004\064\004\113}{section.6.17}% 222
\BOOKMARK [3][-]{subsubsection.6.17.2.1}{\376\377\0006\000.\0001\0007\000.\0002\000.\0001\000\040\000p\0001\000\050\000\051}{subsection.6.17.2}% 223
\BOOKMARK [3][-]{subsubsection.6.17.2.2}{\376\377\0006\000.\0001\0007\000.\0002\000.\0002\000\040\000p\0002\000\050\000\051}{subsection.6.17.2}% 224
\BOOKMARK [3][-]{subsubsection.6.17.2.3}{\376\377\0006\000.\0001\0007\000.\0002\000.\0003\000\040\000r\000e\000v\000e\000r\000s\000e\000\050\000\051}{subsection.6.17.2}% 225
\BOOKMARK [2][-]{subsection.6.17.3}{\376\377\0006\000.\0001\0007\000.\0003\000\040\004\024\004\060\004\075\004\075\004\113\004\065\000\040\004\072\004\073\004\060\004\101\004\101\004\060}{section.6.17}% 226
\BOOKMARK [3][-]{subsubsection.6.17.3.1}{\376\377\0006\000.\0001\0007\000.\0003\000.\0001\000\040\000i\000d}{subsection.6.17.3}% 227
\BOOKMARK [1][-]{section.6.18}{\376\377\0006\000.\0001\0008\000\040\004\032\004\073\004\060\004\101\004\101\000\040\000e\000d\000i\000t\000a\000b\000l\000e\000\137\000b\000e\000z\000i\000e\000r\000.\000E\000d\000i\000t\000a\000b\000l\000e\000B\000e\000z\000i\000e\000r\000C\000u\000r\000v\000e\000I\000t\000e\000m}{chapter.6}% 228
\BOOKMARK [2][-]{subsection.6.18.1}{\376\377\0006\000.\0001\0008\000.\0001\000\040\004\032\004\076\004\075\004\101\004\102\004\100\004\103\004\072\004\102\004\076\004\100\000\050\004\113\000\051}{section.6.18}% 229
\BOOKMARK [3][-]{subsubsection.6.18.1.1}{\376\377\0006\000.\0001\0008\000.\0001\000.\0001\000\040\000\137\000\137\000i\000n\000i\000t\000\137\000\137\000\050\000\051}{subsection.6.18.1}% 230
\BOOKMARK [2][-]{subsection.6.18.2}{\376\377\0006\000.\0001\0008\000.\0002\000\040\004\034\004\065\004\102\004\076\004\064\004\113}{section.6.18}% 231
\BOOKMARK [3][-]{subsubsection.6.18.2.1}{\376\377\0006\000.\0001\0008\000.\0002\000.\0001\000\040\000\137\000i\000n\000i\000t\000\137\000p\000o\000i\000n\000t\000s\000\050\000\051}{subsection.6.18.2}% 232
\BOOKMARK [3][-]{subsubsection.6.18.2.2}{\376\377\0006\000.\0001\0008\000.\0002\000.\0002\000\040\000a\000d\000d\000\137\000t\000o\000\137\000s\000c\000e\000n\000e\000\050\000\051}{subsection.6.18.2}% 233
\BOOKMARK [3][-]{subsubsection.6.18.2.3}{\376\377\0006\000.\0001\0008\000.\0002\000.\0003\000\040\000r\000e\000m\000o\000v\000e\000\137\000f\000r\000o\000m\000\137\000s\000c\000e\000n\000e\000\050\000\051}{subsection.6.18.2}% 234
\BOOKMARK [3][-]{subsubsection.6.18.2.4}{\376\377\0006\000.\0001\0008\000.\0002\000.\0004\000\040\000u\000p\000d\000a\000t\000e\000\137\000p\000a\000t\000h\000\050\000\051}{subsection.6.18.2}% 235
\BOOKMARK [2][-]{subsection.6.18.3}{\376\377\0006\000.\0001\0008\000.\0003\000\040\004\024\004\060\004\075\004\075\004\113\004\065\000\040\004\072\004\073\004\060\004\101\004\101\004\060}{section.6.18}% 236
\BOOKMARK [3][-]{subsubsection.6.18.3.1}{\376\377\0006\000.\0001\0008\000.\0003\000.\0001\000\040\000p\000o\000i\000n\000t\000\137\000i\000t\000e\000m\000s}{subsection.6.18.3}% 237
\BOOKMARK [3][-]{subsubsection.6.18.3.2}{\376\377\0006\000.\0001\0008\000.\0003\000.\0002\000\040\000p\000o\000i\000n\000t\000s}{subsection.6.18.3}% 238
\BOOKMARK [3][-]{subsubsection.6.18.3.3}{\376\377\0006\000.\0001\0008\000.\0003\000.\0003\000\040\000s\000c\000e\000n\000e\000\137\000r\000e\000f}{subsection.6.18.3}% 239
\BOOKMARK [1][-]{section.6.19}{\376\377\0006\000.\0001\0009\000\040\004\032\004\073\004\060\004\101\004\101\000\040\000e\000l\000l\000i\000p\000s\000e\000\137\000d\000i\000a\000l\000o\000g\000.\000E\000l\000l\000i\000p\000s\000e\000D\000i\000a\000l\000o\000g}{chapter.6}% 240
\BOOKMARK [2][-]{subsection.6.19.1}{\376\377\0006\000.\0001\0009\000.\0001\000\040\004\032\004\076\004\075\004\101\004\102\004\100\004\103\004\072\004\102\004\076\004\100\000\050\004\113\000\051}{section.6.19}% 241
\BOOKMARK [3][-]{subsubsection.6.19.1.1}{\376\377\0006\000.\0001\0009\000.\0001\000.\0001\000\040\000\137\000\137\000i\000n\000i\000t\000\137\000\137\000\050\000\051}{subsection.6.19.1}% 242
\BOOKMARK [2][-]{subsection.6.19.2}{\376\377\0006\000.\0001\0009\000.\0002\000\040\004\034\004\065\004\102\004\076\004\064\004\113}{section.6.19}% 243
\BOOKMARK [3][-]{subsubsection.6.19.2.1}{\376\377\0006\000.\0001\0009\000.\0002\000.\0001\000\040\000g\000e\000t\000\137\000d\000a\000t\000a\000\050\000\051}{subsection.6.19.2}% 244
\BOOKMARK [2][-]{subsection.6.19.3}{\376\377\0006\000.\0001\0009\000.\0003\000\040\004\024\004\060\004\075\004\075\004\113\004\065\000\040\004\072\004\073\004\060\004\101\004\101\004\060}{section.6.19}% 245
\BOOKMARK [3][-]{subsubsection.6.19.3.1}{\376\377\0006\000.\0001\0009\000.\0003\000.\0001\000\040\000a\000c\000c\000e\000p\000t}{subsection.6.19.3}% 246
\BOOKMARK [3][-]{subsubsection.6.19.3.2}{\376\377\0006\000.\0001\0009\000.\0003\000.\0002\000\040\000c\000e\000n\000t\000e\000r\000\137\000x}{subsection.6.19.3}% 247
\BOOKMARK [3][-]{subsubsection.6.19.3.3}{\376\377\0006\000.\0001\0009\000.\0003\000.\0003\000\040\000c\000e\000n\000t\000e\000r\000\137\000y}{subsection.6.19.3}% 248
\BOOKMARK [3][-]{subsubsection.6.19.3.4}{\376\377\0006\000.\0001\0009\000.\0003\000.\0004\000\040\000r\000a\000d\000i\000u\000s\000\137\000x}{subsection.6.19.3}% 249
\BOOKMARK [3][-]{subsubsection.6.19.3.5}{\376\377\0006\000.\0001\0009\000.\0003\000.\0005\000\040\000r\000a\000d\000i\000u\000s\000\137\000y}{subsection.6.19.3}% 250
\BOOKMARK [3][-]{subsubsection.6.19.3.6}{\376\377\0006\000.\0001\0009\000.\0003\000.\0006\000\040\000r\000e\000j\000e\000c\000t}{subsection.6.19.3}% 251
\BOOKMARK [1][-]{section.6.20}{\376\377\0006\000.\0002\0000\000\040\004\032\004\073\004\060\004\101\004\101\000\040\000e\000l\000l\000i\000p\000s\000e\000\137\000i\000t\000e\000m\000.\000E\000l\000l\000i\000p\000s\000e\000I\000t\000e\000m}{chapter.6}% 252
\BOOKMARK [2][-]{subsection.6.20.1}{\376\377\0006\000.\0002\0000\000.\0001\000\040\004\032\004\076\004\075\004\101\004\102\004\100\004\103\004\072\004\102\004\076\004\100\000\050\004\113\000\051}{section.6.20}% 253
\BOOKMARK [3][-]{subsubsection.6.20.1.1}{\376\377\0006\000.\0002\0000\000.\0001\000.\0001\000\040\000\137\000\137\000i\000n\000i\000t\000\137\000\137\000\050\000\051}{subsection.6.20.1}% 254
\BOOKMARK [2][-]{subsection.6.20.2}{\376\377\0006\000.\0002\0000\000.\0002\000\040\004\034\004\065\004\102\004\076\004\064\004\113}{section.6.20}% 255
\BOOKMARK [3][-]{subsubsection.6.20.2.1}{\376\377\0006\000.\0002\0000\000.\0002\000.\0001\000\040\000\137\000\137\000r\000e\000p\000r\000\137\000\137\000\050\000\051}{subsection.6.20.2}% 256
\BOOKMARK [3][-]{subsubsection.6.20.2.2}{\376\377\0006\000.\0002\0000\000.\0002\000.\0002\000\040\000g\000e\000n\000e\000r\000a\000t\000e\000\137\000e\000d\000g\000e\000s\000\050\000\051}{subsection.6.20.2}% 257
\BOOKMARK [3][-]{subsubsection.6.20.2.3}{\376\377\0006\000.\0002\0000\000.\0002\000.\0003\000\040\000g\000e\000t\000\137\000p\000a\000t\000h\000\050\000\051}{subsection.6.20.2}% 258
\BOOKMARK [2][-]{subsection.6.20.3}{\376\377\0006\000.\0002\0000\000.\0003\000\040\004\024\004\060\004\075\004\075\004\113\004\065\000\040\004\072\004\073\004\060\004\101\004\101\004\060}{section.6.20}% 259
\BOOKMARK [3][-]{subsubsection.6.20.3.1}{\376\377\0006\000.\0002\0000\000.\0003\000.\0001\000\040\000e\000d\000g\000e\000s}{subsection.6.20.3}% 260
\BOOKMARK [1][-]{section.6.21}{\376\377\0006\000.\0002\0001\000\040\004\032\004\073\004\060\004\101\004\101\000\040\000e\000v\000e\000n\000t\000\137\000h\000a\000n\000d\000l\000e\000r\000.\000E\000v\000e\000n\000t\000H\000a\000n\000d\000l\000e\000r}{chapter.6}% 261
\BOOKMARK [2][-]{subsection.6.21.1}{\376\377\0006\000.\0002\0001\000.\0001\000\040\004\032\004\076\004\075\004\101\004\102\004\100\004\103\004\072\004\102\004\076\004\100\000\050\004\113\000\051}{section.6.21}% 262
\BOOKMARK [3][-]{subsubsection.6.21.1.1}{\376\377\0006\000.\0002\0001\000.\0001\000.\0001\000\040\000\137\000\137\000i\000n\000i\000t\000\137\000\137\000\050\000\051}{subsection.6.21.1}% 263
\BOOKMARK [2][-]{subsection.6.21.2}{\376\377\0006\000.\0002\0001\000.\0002\000\040\004\034\004\065\004\102\004\076\004\064\004\113}{section.6.21}% 264
\BOOKMARK [3][-]{subsubsection.6.21.2.1}{\376\377\0006\000.\0002\0001\000.\0002\000.\0001\000\040\000e\000v\000e\000n\000t\000\137\000f\000i\000l\000t\000e\000r\000\050\000\051}{subsection.6.21.2}% 265
\BOOKMARK [3][-]{subsubsection.6.21.2.2}{\376\377\0006\000.\0002\0001\000.\0002\000.\0002\000\040\000k\000e\000y\000\137\000p\000r\000e\000s\000s\000\137\000e\000v\000e\000n\000t\000\050\000\051}{subsection.6.21.2}% 266
\BOOKMARK [3][-]{subsubsection.6.21.2.3}{\376\377\0006\000.\0002\0001\000.\0002\000.\0003\000\040\000m\000o\000u\000s\000e\000\137\000m\000o\000v\000e\000\050\000\051}{subsection.6.21.2}% 267
\BOOKMARK [3][-]{subsubsection.6.21.2.4}{\376\377\0006\000.\0002\0001\000.\0002\000.\0004\000\040\000m\000o\000u\000s\000e\000\137\000p\000r\000e\000s\000s\000\050\000\051}{subsection.6.21.2}% 268
\BOOKMARK [3][-]{subsubsection.6.21.2.5}{\376\377\0006\000.\0002\0001\000.\0002\000.\0005\000\040\000m\000o\000u\000s\000e\000\137\000r\000e\000l\000e\000a\000s\000e\000\050\000\051}{subsection.6.21.2}% 269
\BOOKMARK [2][-]{subsection.6.21.3}{\376\377\0006\000.\0002\0001\000.\0003\000\040\004\024\004\060\004\075\004\075\004\113\004\065\000\040\004\072\004\073\004\060\004\101\004\101\004\060}{section.6.21}% 270
\BOOKMARK [3][-]{subsubsection.6.21.3.1}{\376\377\0006\000.\0002\0001\000.\0003\000.\0001\000\040\000c\000o\000m\000m\000a\000n\000d\000\137\000s\000e\000r\000v\000i\000c\000e}{subsection.6.21.3}% 271
\BOOKMARK [3][-]{subsubsection.6.21.3.2}{\376\377\0006\000.\0002\0001\000.\0003\000.\0002\000\040\000c\000u\000r\000v\000e\000\137\000p\000o\000i\000n\000t\000s}{subsection.6.21.3}% 272
\BOOKMARK [3][-]{subsubsection.6.21.3.3}{\376\377\0006\000.\0002\0001\000.\0003\000.\0003\000\040\000g\000r\000a\000p\000h\000i\000c\000s\000\137\000v\000i\000e\000w}{subsection.6.21.3}% 273
\BOOKMARK [3][-]{subsubsection.6.21.3.4}{\376\377\0006\000.\0002\0001\000.\0003\000.\0004\000\040\000m\000a\000i\000n\000\137\000w\000i\000n\000d\000o\000w}{subsection.6.21.3}% 274
\BOOKMARK [3][-]{subsubsection.6.21.3.5}{\376\377\0006\000.\0002\0001\000.\0003\000.\0005\000\040\000m\000o\000v\000e\000\137\000i\000n\000i\000t\000i\000a\000l\000\137\000p\000o\000s}{subsection.6.21.3}% 275
\BOOKMARK [3][-]{subsubsection.6.21.3.6}{\376\377\0006\000.\0002\0001\000.\0003\000.\0006\000\040\000m\000o\000v\000e\000\137\000s\000t\000a\000r\000t\000\137\000p\000o\000s}{subsection.6.21.3}% 276
\BOOKMARK [3][-]{subsubsection.6.21.3.7}{\376\377\0006\000.\0002\0001\000.\0003\000.\0007\000\040\000m\000o\000v\000i\000n\000g\000\137\000i\000t\000e\000m\000s}{subsection.6.21.3}% 277
\BOOKMARK [3][-]{subsubsection.6.21.3.8}{\376\377\0006\000.\0002\0001\000.\0003\000.\0008\000\040\000p\000r\000o\000p\000e\000r\000t\000i\000e\000s\000\137\000l\000a\000y\000o\000u\000t}{subsection.6.21.3}% 278
\BOOKMARK [3][-]{subsubsection.6.21.3.9}{\376\377\0006\000.\0002\0001\000.\0003\000.\0009\000\040\000s\000c\000e\000n\000e}{subsection.6.21.3}% 279
\BOOKMARK [3][-]{subsubsection.6.21.3.10}{\376\377\0006\000.\0002\0001\000.\0003\000.\0001\0000\000\040\000s\000e\000l\000e\000c\000t\000i\000o\000n\000\137\000s\000e\000r\000v\000i\000c\000e}{subsection.6.21.3}% 280
\BOOKMARK [3][-]{subsubsection.6.21.3.11}{\376\377\0006\000.\0002\0001\000.\0003\000.\0001\0001\000\040\000s\000t\000a\000r\000t\000\137\000p\000o\000i\000n\000t}{subsection.6.21.3}% 281
\BOOKMARK [3][-]{subsubsection.6.21.3.12}{\376\377\0006\000.\0002\0001\000.\0003\000.\0001\0002\000\040\000t\000e\000m\000p\000\137\000c\000u\000r\000v\000e\000\137\000i\000t\000e\000m}{subsection.6.21.3}% 282
\BOOKMARK [3][-]{subsubsection.6.21.3.13}{\376\377\0006\000.\0002\0001\000.\0003\000.\0001\0003\000\040\000t\000e\000m\000p\000\137\000i\000t\000e\000m}{subsection.6.21.3}% 283
\BOOKMARK [1][-]{section.6.22}{\376\377\0006\000.\0002\0002\000\040\004\032\004\073\004\060\004\101\004\101\000\040\000g\000m\000s\000h\000\137\000m\000e\000s\000h\000\137\000b\000u\000i\000l\000d\000e\000r\000.\000G\000m\000s\000h\000M\000e\000s\000h\000B\000u\000i\000l\000d\000e\000r}{chapter.6}% 284
\BOOKMARK [2][-]{subsection.6.22.1}{\376\377\0006\000.\0002\0002\000.\0001\000\040\004\032\004\076\004\075\004\101\004\102\004\100\004\103\004\072\004\102\004\076\004\100\000\050\004\113\000\051}{section.6.22}% 285
\BOOKMARK [3][-]{subsubsection.6.22.1.1}{\376\377\0006\000.\0002\0002\000.\0001\000.\0001\000\040\000\137\000\137\000i\000n\000i\000t\000\137\000\137\000\050\000\051}{subsection.6.22.1}% 286
\BOOKMARK [3][-]{subsubsection.6.22.1.2}{\376\377\0006\000.\0002\0002\000.\0001\000.\0002\000\040\000\137\000\137\000d\000e\000l\000\137\000\137\000\050\000\051}{subsection.6.22.1}% 287
\BOOKMARK [2][-]{subsection.6.22.2}{\376\377\0006\000.\0002\0002\000.\0002\000\040\004\034\004\065\004\102\004\076\004\064\004\113}{section.6.22}% 288
\BOOKMARK [3][-]{subsubsection.6.22.2.1}{\376\377\0006\000.\0002\0002\000.\0002\000.\0001\000\040\000a\000d\000d\000\137\000l\000o\000o\000p\000\050\000\051}{subsection.6.22.2}% 289
\BOOKMARK [3][-]{subsubsection.6.22.2.2}{\376\377\0006\000.\0002\0002\000.\0002\000.\0002\000\040\000b\000u\000i\000l\000d\000\137\000c\000l\000o\000s\000e\000d\000\137\000l\000o\000o\000p\000s\000\050\000\051}{subsection.6.22.2}% 290
\BOOKMARK [3][-]{subsubsection.6.22.2.3}{\376\377\0006\000.\0002\0002\000.\0002\000.\0003\000\040\000b\000u\000i\000l\000d\000\137\000m\000e\000s\000h\000\050\000\051}{subsection.6.22.2}% 291
\BOOKMARK [3][-]{subsubsection.6.22.2.4}{\376\377\0006\000.\0002\0002\000.\0002\000.\0004\000\040\000e\000q\000u\000a\000l\000\137\000p\000o\000i\000n\000t\000s\000\050\000\051}{subsection.6.22.2}% 292
\BOOKMARK [2][-]{subsection.6.22.3}{\376\377\0006\000.\0002\0002\000.\0003\000\040\004\024\004\060\004\075\004\075\004\113\004\065\000\040\004\072\004\073\004\060\004\101\004\101\004\060}{section.6.22}% 293
\BOOKMARK [3][-]{subsubsection.6.22.3.1}{\376\377\0006\000.\0002\0002\000.\0003\000.\0001\000\040\000b\000o\000u\000n\000d\000a\000r\000y\000\137\000c\000o\000n\000d\000i\000t\000i\000o\000n\000s}{subsection.6.22.3}% 294
\BOOKMARK [3][-]{subsubsection.6.22.3.2}{\376\377\0006\000.\0002\0002\000.\0003\000.\0002\000\040\000f\000i\000l\000e\000n\000a\000m\000e}{subsection.6.22.3}% 295
\BOOKMARK [3][-]{subsubsection.6.22.3.3}{\376\377\0006\000.\0002\0002\000.\0003\000.\0003\000\040\000g\000r\000i\000d\000\137\000s\000p\000a\000c\000i\000n\000g}{subsection.6.22.3}% 296
\BOOKMARK [1][-]{section.6.23}{\376\377\0006\000.\0002\0003\000\040\004\032\004\073\004\060\004\101\004\101\000\040\000g\000r\000a\000p\000h\000i\000c\000s\000\137\000v\000i\000e\000w\000.\000G\000r\000a\000p\000h\000i\000c\000s\000V\000i\000e\000w}{chapter.6}% 297
\BOOKMARK [2][-]{subsection.6.23.1}{\376\377\0006\000.\0002\0003\000.\0001\000\040\004\032\004\076\004\075\004\101\004\102\004\100\004\103\004\072\004\102\004\076\004\100\000\050\004\113\000\051}{section.6.23}% 298
\BOOKMARK [3][-]{subsubsection.6.23.1.1}{\376\377\0006\000.\0002\0003\000.\0001\000.\0001\000\040\000\137\000\137\000i\000n\000i\000t\000\137\000\137\000\050\000\051}{subsection.6.23.1}% 299
\BOOKMARK [2][-]{subsection.6.23.2}{\376\377\0006\000.\0002\0003\000.\0002\000\040\004\034\004\065\004\102\004\076\004\064\004\113}{section.6.23}% 300
\BOOKMARK [3][-]{subsubsection.6.23.2.1}{\376\377\0006\000.\0002\0003\000.\0002\000.\0001\000\040\000m\000o\000u\000s\000e\000M\000o\000v\000e\000E\000v\000e\000n\000t\000\050\000\051}{subsection.6.23.2}% 301
\BOOKMARK [3][-]{subsubsection.6.23.2.2}{\376\377\0006\000.\0002\0003\000.\0002\000.\0002\000\040\000m\000o\000u\000s\000e\000P\000r\000e\000s\000s\000E\000v\000e\000n\000t\000\050\000\051}{subsection.6.23.2}% 302
\BOOKMARK [3][-]{subsubsection.6.23.2.3}{\376\377\0006\000.\0002\0003\000.\0002\000.\0003\000\040\000m\000o\000u\000s\000e\000R\000e\000l\000e\000a\000s\000e\000E\000v\000e\000n\000t\000\050\000\051}{subsection.6.23.2}% 303
\BOOKMARK [3][-]{subsubsection.6.23.2.4}{\376\377\0006\000.\0002\0003\000.\0002\000.\0004\000\040\000w\000h\000e\000e\000l\000E\000v\000e\000n\000t\000\050\000\051}{subsection.6.23.2}% 304
\BOOKMARK [2][-]{subsection.6.23.3}{\376\377\0006\000.\0002\0003\000.\0003\000\040\004\024\004\060\004\075\004\075\004\113\004\065\000\040\004\072\004\073\004\060\004\101\004\101\004\060}{section.6.23}% 305
\BOOKMARK [3][-]{subsubsection.6.23.3.1}{\376\377\0006\000.\0002\0003\000.\0003\000.\0001\000\040\000\137\000p\000a\000n\000\137\000s\000t\000a\000r\000t}{subsection.6.23.3}% 306
\BOOKMARK [3][-]{subsubsection.6.23.3.2}{\376\377\0006\000.\0002\0003\000.\0003\000.\0002\000\040\000\137\000p\000a\000n\000n\000i\000n\000g}{subsection.6.23.3}% 307
\BOOKMARK [1][-]{section.6.24}{\376\377\0006\000.\0002\0004\000\040\004\032\004\073\004\060\004\101\004\101\000\040\000g\000r\000i\000d\000\137\000s\000c\000e\000n\000e\000.\000G\000r\000i\000d\000S\000c\000e\000n\000e}{chapter.6}% 308
\BOOKMARK [2][-]{subsection.6.24.1}{\376\377\0006\000.\0002\0004\000.\0001\000\040\004\032\004\076\004\075\004\101\004\102\004\100\004\103\004\072\004\102\004\076\004\100\000\050\004\113\000\051}{section.6.24}% 309
\BOOKMARK [3][-]{subsubsection.6.24.1.1}{\376\377\0006\000.\0002\0004\000.\0001\000.\0001\000\040\000\137\000\137\000i\000n\000i\000t\000\137\000\137\000\050\000\051}{subsection.6.24.1}% 310
\BOOKMARK [2][-]{subsection.6.24.2}{\376\377\0006\000.\0002\0004\000.\0002\000\040\004\034\004\065\004\102\004\076\004\064\004\113}{section.6.24}% 311
\BOOKMARK [3][-]{subsubsection.6.24.2.1}{\376\377\0006\000.\0002\0004\000.\0002\000.\0001\000\040\000\137\000n\000i\000c\000e\000\137\000s\000t\000e\000p\000\050\000\051}{subsection.6.24.2}% 312
\BOOKMARK [3][-]{subsubsection.6.24.2.2}{\376\377\0006\000.\0002\0004\000.\0002\000.\0002\000\040\000d\000r\000a\000w\000B\000a\000c\000k\000g\000r\000o\000u\000n\000d\000\050\000\051}{subsection.6.24.2}% 313
\BOOKMARK [3][-]{subsubsection.6.24.2.3}{\376\377\0006\000.\0002\0004\000.\0002\000.\0003\000\040\000f\000i\000n\000d\000\137\000e\000d\000g\000e\000\137\000b\000y\000\137\000i\000d\000\050\000\051}{subsection.6.24.2}% 314
\BOOKMARK [3][-]{subsubsection.6.24.2.4}{\376\377\0006\000.\0002\0004\000.\0002\000.\0004\000\040\000u\000p\000d\000a\000t\000e\000\137\000l\000a\000b\000e\000l\000s\000\050\000\051}{subsection.6.24.2}% 315
\BOOKMARK [2][-]{subsection.6.24.3}{\376\377\0006\000.\0002\0004\000.\0003\000\040\004\024\004\060\004\075\004\075\004\113\004\065\000\040\004\072\004\073\004\060\004\101\004\101\004\060}{section.6.24}% 316
\BOOKMARK [3][-]{subsubsection.6.24.3.1}{\376\377\0006\000.\0002\0004\000.\0003\000.\0001\000\040\000\137\000l\000a\000b\000e\000l\000s}{subsection.6.24.3}% 317
\BOOKMARK [3][-]{subsubsection.6.24.3.2}{\376\377\0006\000.\0002\0004\000.\0003\000.\0002\000\040\000a\000x\000i\000s\000\137\000p\000e\000n}{subsection.6.24.3}% 318
\BOOKMARK [3][-]{subsubsection.6.24.3.3}{\376\377\0006\000.\0002\0004\000.\0003\000.\0003\000\040\000f\000o\000n\000t}{subsection.6.24.3}% 319
\BOOKMARK [3][-]{subsubsection.6.24.3.4}{\376\377\0006\000.\0002\0004\000.\0003\000.\0004\000\040\000g\000r\000i\000d\000\137\000p\000e\000n}{subsection.6.24.3}% 320
\BOOKMARK [3][-]{subsubsection.6.24.3.5}{\376\377\0006\000.\0002\0004\000.\0003\000.\0005\000\040\000s\000p\000a\000c\000i\000n\000g}{subsection.6.24.3}% 321
\BOOKMARK [3][-]{subsubsection.6.24.3.6}{\376\377\0006\000.\0002\0004\000.\0003\000.\0006\000\040\000u\000p\000d\000a\000t\000e\000\137\000l\000a\000b\000e\000l\000s}{subsection.6.24.3}% 322
\BOOKMARK [1][-]{section.6.25}{\376\377\0006\000.\0002\0005\000\040\004\032\004\073\004\060\004\101\004\101\000\040\000t\000u\000r\000b\000u\000l\000e\000n\000c\000e\000\137\000m\000o\000d\000e\000l\000s\000.\000I\000n\000i\000t\000i\000a\000l\000C\000o\000n\000d\000i\000t\000i\000o\000n\000s}{chapter.6}% 323
\BOOKMARK [2][-]{subsection.6.25.1}{\376\377\0006\000.\0002\0005\000.\0001\000\040\004\024\004\060\004\075\004\075\004\113\004\065\000\040\004\072\004\073\004\060\004\101\004\101\004\060}{section.6.25}% 324
\BOOKMARK [3][-]{subsubsection.6.25.1.1}{\376\377\0006\000.\0002\0005\000.\0001\000.\0001\000\040\000k}{subsection.6.25.1}% 325
\BOOKMARK [3][-]{subsubsection.6.25.1.2}{\376\377\0006\000.\0002\0005\000.\0001\000.\0002\000\040\000o\000m\000e\000g\000a}{subsection.6.25.1}% 326
\BOOKMARK [3][-]{subsubsection.6.25.1.3}{\376\377\0006\000.\0002\0005\000.\0001\000.\0003\000\040\000p}{subsection.6.25.1}% 327
\BOOKMARK [3][-]{subsubsection.6.25.1.4}{\376\377\0006\000.\0002\0005\000.\0001\000.\0004\000\040\000u}{subsection.6.25.1}% 328
\BOOKMARK [3][-]{subsubsection.6.25.1.5}{\376\377\0006\000.\0002\0005\000.\0001\000.\0005\000\040\000v}{subsection.6.25.1}% 329
\BOOKMARK [1][-]{section.6.26}{\376\377\0006\000.\0002\0006\000\040\004\032\004\073\004\060\004\101\004\101\000\040\000i\000n\000i\000t\000i\000a\000l\000\137\000c\000o\000n\000d\000i\000t\000i\000o\000n\000s\000\137\000d\000i\000a\000l\000o\000g\000.\000I\000n\000i\000t\000i\000a\000l\000C\000o\000n\000d\000i\000t\000i\000o\000n\000s\000D\000i\000a\000l\000o\000g}{chapter.6}% 330
\BOOKMARK [2][-]{subsection.6.26.1}{\376\377\0006\000.\0002\0006\000.\0001\000\040\004\032\004\076\004\075\004\101\004\102\004\100\004\103\004\072\004\102\004\076\004\100\000\050\004\113\000\051}{section.6.26}% 331
\BOOKMARK [3][-]{subsubsection.6.26.1.1}{\376\377\0006\000.\0002\0006\000.\0001\000.\0001\000\040\000\137\000\137\000i\000n\000i\000t\000\137\000\137\000\050\000\051}{subsection.6.26.1}% 332
\BOOKMARK [2][-]{subsection.6.26.2}{\376\377\0006\000.\0002\0006\000.\0002\000\040\004\034\004\065\004\102\004\076\004\064\004\113}{section.6.26}% 333
\BOOKMARK [3][-]{subsubsection.6.26.2.1}{\376\377\0006\000.\0002\0006\000.\0002\000.\0001\000\040\000g\000e\000t\000\137\000d\000a\000t\000a\000\050\000\051}{subsection.6.26.2}% 334
\BOOKMARK [2][-]{subsection.6.26.3}{\376\377\0006\000.\0002\0006\000.\0003\000\040\004\024\004\060\004\075\004\075\004\113\004\065\000\040\004\072\004\073\004\060\004\101\004\101\004\060}{section.6.26}% 335
\BOOKMARK [3][-]{subsubsection.6.26.3.1}{\376\377\0006\000.\0002\0006\000.\0003\000.\0001\000\040\000a\000c\000c\000e\000p\000t}{subsection.6.26.3}% 336
\BOOKMARK [3][-]{subsubsection.6.26.3.2}{\376\377\0006\000.\0002\0006\000.\0003\000.\0002\000\040\000k\000\137\000i\000n\000p\000u\000t}{subsection.6.26.3}% 337
\BOOKMARK [3][-]{subsubsection.6.26.3.3}{\376\377\0006\000.\0002\0006\000.\0003\000.\0003\000\040\000o\000m\000\137\000i\000n\000p\000u\000t}{subsection.6.26.3}% 338
\BOOKMARK [3][-]{subsubsection.6.26.3.4}{\376\377\0006\000.\0002\0006\000.\0003\000.\0004\000\040\000p\000\137\000i\000n\000p\000u\000t}{subsection.6.26.3}% 339
\BOOKMARK [3][-]{subsubsection.6.26.3.5}{\376\377\0006\000.\0002\0006\000.\0003\000.\0005\000\040\000r\000e\000j\000e\000c\000t}{subsection.6.26.3}% 340
\BOOKMARK [3][-]{subsubsection.6.26.3.6}{\376\377\0006\000.\0002\0006\000.\0003\000.\0006\000\040\000u\000\137\000i\000n\000p\000u\000t}{subsection.6.26.3}% 341
\BOOKMARK [3][-]{subsubsection.6.26.3.7}{\376\377\0006\000.\0002\0006\000.\0003\000.\0007\000\040\000v\000\137\000i\000n\000p\000u\000t}{subsection.6.26.3}% 342
\BOOKMARK [1][-]{section.6.27}{\376\377\0006\000.\0002\0007\000\040\004\032\004\073\004\060\004\101\004\101\000\040\000t\000u\000r\000b\000u\000l\000e\000n\000c\000e\000\137\000m\000o\000d\000e\000l\000s\000.\000I\000n\000l\000e\000t\000B\000o\000u\000n\000d\000a\000r\000y\000C\000o\000n\000d\000i\000t\000i\000o\000n\000s}{chapter.6}% 343
\BOOKMARK [2][-]{subsection.6.27.1}{\376\377\0006\000.\0002\0007\000.\0001\000\040\004\024\004\060\004\075\004\075\004\113\004\065\000\040\004\072\004\073\004\060\004\101\004\101\004\060}{section.6.27}% 344
\BOOKMARK [3][-]{subsubsection.6.27.1.1}{\376\377\0006\000.\0002\0007\000.\0001\000.\0001\000\040\000k}{subsection.6.27.1}% 345
\BOOKMARK [3][-]{subsubsection.6.27.1.2}{\376\377\0006\000.\0002\0007\000.\0001\000.\0002\000\040\000o\000m\000e\000g\000a}{subsection.6.27.1}% 346
\BOOKMARK [3][-]{subsubsection.6.27.1.3}{\376\377\0006\000.\0002\0007\000.\0001\000.\0003\000\040\000t\000y\000p\000e}{subsection.6.27.1}% 347
\BOOKMARK [3][-]{subsubsection.6.27.1.4}{\376\377\0006\000.\0002\0007\000.\0001\000.\0004\000\040\000u}{subsection.6.27.1}% 348
\BOOKMARK [3][-]{subsubsection.6.27.1.5}{\376\377\0006\000.\0002\0007\000.\0001\000.\0005\000\040\000v}{subsection.6.27.1}% 349
\BOOKMARK [1][-]{section.6.28}{\376\377\0006\000.\0002\0008\000\040\004\032\004\073\004\060\004\101\004\101\000\040\000l\000i\000n\000e\000\137\000d\000i\000a\000l\000o\000g\000.\000L\000i\000n\000e\000D\000i\000a\000l\000o\000g}{chapter.6}% 350
\BOOKMARK [2][-]{subsection.6.28.1}{\376\377\0006\000.\0002\0008\000.\0001\000\040\004\032\004\076\004\075\004\101\004\102\004\100\004\103\004\072\004\102\004\076\004\100\000\050\004\113\000\051}{section.6.28}% 351
\BOOKMARK [3][-]{subsubsection.6.28.1.1}{\376\377\0006\000.\0002\0008\000.\0001\000.\0001\000\040\000\137\000\137\000i\000n\000i\000t\000\137\000\137\000\050\000\051}{subsection.6.28.1}% 352
\BOOKMARK [2][-]{subsection.6.28.2}{\376\377\0006\000.\0002\0008\000.\0002\000\040\004\034\004\065\004\102\004\076\004\064\004\113}{section.6.28}% 353
\BOOKMARK [3][-]{subsubsection.6.28.2.1}{\376\377\0006\000.\0002\0008\000.\0002\000.\0001\000\040\000g\000e\000t\000\137\000d\000a\000t\000a\000\050\000\051}{subsection.6.28.2}% 354
\BOOKMARK [2][-]{subsection.6.28.3}{\376\377\0006\000.\0002\0008\000.\0003\000\040\004\024\004\060\004\075\004\075\004\113\004\065\000\040\004\072\004\073\004\060\004\101\004\101\004\060}{section.6.28}% 355
\BOOKMARK [3][-]{subsubsection.6.28.3.1}{\376\377\0006\000.\0002\0008\000.\0003\000.\0001\000\040\000a\000c\000c\000e\000p\000t}{subsection.6.28.3}% 356
\BOOKMARK [3][-]{subsubsection.6.28.3.2}{\376\377\0006\000.\0002\0008\000.\0003\000.\0002\000\040\000e\000n\000d\000\137\000x}{subsection.6.28.3}% 357
\BOOKMARK [3][-]{subsubsection.6.28.3.3}{\376\377\0006\000.\0002\0008\000.\0003\000.\0003\000\040\000e\000n\000d\000\137\000y}{subsection.6.28.3}% 358
\BOOKMARK [3][-]{subsubsection.6.28.3.4}{\376\377\0006\000.\0002\0008\000.\0003\000.\0004\000\040\000r\000e\000j\000e\000c\000t}{subsection.6.28.3}% 359
\BOOKMARK [3][-]{subsubsection.6.28.3.5}{\376\377\0006\000.\0002\0008\000.\0003\000.\0005\000\040\000s\000t\000a\000r\000t\000\137\000x}{subsection.6.28.3}% 360
\BOOKMARK [3][-]{subsubsection.6.28.3.6}{\376\377\0006\000.\0002\0008\000.\0003\000.\0006\000\040\000s\000t\000a\000r\000t\000\137\000y}{subsection.6.28.3}% 361
\BOOKMARK [1][-]{section.6.29}{\376\377\0006\000.\0002\0009\000\040\004\032\004\073\004\060\004\101\004\101\000\040\000l\000i\000n\000e\000\137\000i\000t\000e\000m\000.\000L\000i\000n\000e\000I\000t\000e\000m}{chapter.6}% 362
\BOOKMARK [2][-]{subsection.6.29.1}{\376\377\0006\000.\0002\0009\000.\0001\000\040\004\032\004\076\004\075\004\101\004\102\004\100\004\103\004\072\004\102\004\076\004\100\000\050\004\113\000\051}{section.6.29}% 363
\BOOKMARK [3][-]{subsubsection.6.29.1.1}{\376\377\0006\000.\0002\0009\000.\0001\000.\0001\000\040\000\137\000\137\000i\000n\000i\000t\000\137\000\137\000\050\000\051}{subsection.6.29.1}% 364
\BOOKMARK [2][-]{subsection.6.29.2}{\376\377\0006\000.\0002\0009\000.\0002\000\040\004\034\004\065\004\102\004\076\004\064\004\113}{section.6.29}% 365
\BOOKMARK [3][-]{subsubsection.6.29.2.1}{\376\377\0006\000.\0002\0009\000.\0002\000.\0001\000\040\000\137\000\137\000r\000e\000p\000r\000\137\000\137\000\050\000\051}{subsection.6.29.2}% 366
\BOOKMARK [3][-]{subsubsection.6.29.2.2}{\376\377\0006\000.\0002\0009\000.\0002\000.\0002\000\040\000g\000e\000n\000e\000r\000a\000t\000e\000\137\000e\000d\000g\000e\000s\000\050\000\051}{subsection.6.29.2}% 367
\BOOKMARK [3][-]{subsubsection.6.29.2.3}{\376\377\0006\000.\0002\0009\000.\0002\000.\0003\000\040\000g\000e\000t\000\137\000p\000a\000t\000h\000\050\000\051}{subsection.6.29.2}% 368
\BOOKMARK [2][-]{subsection.6.29.3}{\376\377\0006\000.\0002\0009\000.\0003\000\040\004\024\004\060\004\075\004\075\004\113\004\065\000\040\004\072\004\073\004\060\004\101\004\101\004\060}{section.6.29}% 369
\BOOKMARK [3][-]{subsubsection.6.29.3.1}{\376\377\0006\000.\0002\0009\000.\0003\000.\0001\000\040\000e\000d\000g\000e\000s}{subsection.6.29.3}% 370
\BOOKMARK [1][-]{section.6.30}{\376\377\0006\000.\0003\0000\000\040\004\032\004\073\004\060\004\101\004\101\000\040\000m\000a\000i\000n\000\137\000w\000i\000n\000d\000o\000w\000.\000M\000a\000i\000n\000W\000i\000n\000d\000o\000w}{chapter.6}% 371
\BOOKMARK [2][-]{subsection.6.30.1}{\376\377\0006\000.\0003\0000\000.\0001\000\040\004\032\004\076\004\075\004\101\004\102\004\100\004\103\004\072\004\102\004\076\004\100\000\050\004\113\000\051}{section.6.30}% 372
\BOOKMARK [3][-]{subsubsection.6.30.1.1}{\376\377\0006\000.\0003\0000\000.\0001\000.\0001\000\040\000\137\000\137\000i\000n\000i\000t\000\137\000\137\000\050\000\051\000\040\000[\0001\000/\0002\000]}{subsection.6.30.1}% 373
\BOOKMARK [3][-]{subsubsection.6.30.1.2}{\376\377\0006\000.\0003\0000\000.\0001\000.\0002\000\040\000\137\000\137\000i\000n\000i\000t\000\137\000\137\000\050\000\051\000\040\000[\0002\000/\0002\000]}{subsection.6.30.1}% 374
\BOOKMARK [2][-]{subsection.6.30.2}{\376\377\0006\000.\0003\0000\000.\0002\000\040\004\034\004\065\004\102\004\076\004\064\004\113}{section.6.30}% 375
\BOOKMARK [3][-]{subsubsection.6.30.2.1}{\376\377\0006\000.\0003\0000\000.\0002\000.\0001\000\040\000a\000d\000d\000\137\000b\000o\000u\000n\000d\000a\000r\000y\000\137\000c\000o\000n\000d\000i\000t\000i\000o\000n\000\050\000\051}{subsection.6.30.2}% 376
\BOOKMARK [3][-]{subsubsection.6.30.2.2}{\376\377\0006\000.\0003\0000\000.\0002\000.\0002\000\040\000b\000u\000i\000l\000d\000\137\000g\000m\000s\000h\000\137\000m\000e\000s\000h\000\050\000\051}{subsection.6.30.2}% 377
\BOOKMARK [3][-]{subsubsection.6.30.2.3}{\376\377\0006\000.\0003\0000\000.\0002\000.\0003\000\040\000d\000e\000l\000e\000t\000e\000\137\000b\000o\000u\000n\000d\000a\000r\000y\000\137\000c\000o\000n\000d\000i\000t\000i\000o\000n\000\050\000\051}{subsection.6.30.2}% 378
\BOOKMARK [3][-]{subsubsection.6.30.2.4}{\376\377\0006\000.\0003\0000\000.\0002\000.\0004\000\040\000e\000d\000i\000t\000\137\000b\000o\000u\000n\000d\000a\000r\000y\000\137\000c\000o\000n\000d\000i\000t\000i\000o\000n\000\050\000\051}{subsection.6.30.2}% 379
\BOOKMARK [3][-]{subsubsection.6.30.2.5}{\376\377\0006\000.\0003\0000\000.\0002\000.\0005\000\040\000e\000d\000i\000t\000\137\000i\000n\000i\000t\000i\000a\000l\000\137\000c\000o\000n\000d\000i\000t\000i\000o\000n\000s\000\050\000\051}{subsection.6.30.2}% 380
\BOOKMARK [3][-]{subsubsection.6.30.2.6}{\376\377\0006\000.\0003\0000\000.\0002\000.\0006\000\040\000e\000d\000i\000t\000\137\000m\000a\000t\000e\000r\000i\000a\000l\000\050\000\051}{subsection.6.30.2}% 381
\BOOKMARK [3][-]{subsubsection.6.30.2.7}{\376\377\0006\000.\0003\0000\000.\0002\000.\0007\000\040\000e\000d\000i\000t\000\137\000t\000u\000r\000b\000u\000l\000e\000n\000c\000e\000\137\000m\000o\000d\000e\000l\000\050\000\051}{subsection.6.30.2}% 382
\BOOKMARK [3][-]{subsubsection.6.30.2.8}{\376\377\0006\000.\0003\0000\000.\0002\000.\0008\000\040\000e\000v\000e\000n\000t\000F\000i\000l\000t\000e\000r\000\050\000\051}{subsection.6.30.2}% 383
\BOOKMARK [3][-]{subsubsection.6.30.2.9}{\376\377\0006\000.\0003\0000\000.\0002\000.\0009\000\040\000e\000x\000p\000o\000r\000t\000\137\000j\000s\000o\000n\000\050\000\051}{subsection.6.30.2}% 384
\BOOKMARK [3][-]{subsubsection.6.30.2.10}{\376\377\0006\000.\0003\0000\000.\0002\000.\0001\0000\000\040\000h\000i\000g\000h\000l\000i\000g\000h\000t\000\137\000e\000d\000g\000e\000s\000\050\000\051}{subsection.6.30.2}% 385
\BOOKMARK [3][-]{subsubsection.6.30.2.11}{\376\377\0006\000.\0003\0000\000.\0002\000.\0001\0001\000\040\000i\000n\000i\000t\000\137\000t\000u\000r\000b\000u\000l\000e\000n\000c\000e\000\137\000u\000i\000\050\000\051}{subsection.6.30.2}% 386
\BOOKMARK [3][-]{subsubsection.6.30.2.12}{\376\377\0006\000.\0003\0000\000.\0002\000.\0001\0002\000\040\000k\000e\000y\000P\000r\000e\000s\000s\000E\000v\000e\000n\000t\000\050\000\051}{subsection.6.30.2}% 387
\BOOKMARK [3][-]{subsubsection.6.30.2.13}{\376\377\0006\000.\0003\0000\000.\0002\000.\0001\0003\000\040\000o\000n\000\137\000t\000r\000e\000e\000\137\000i\000t\000e\000m\000\137\000c\000l\000i\000c\000k\000e\000d\000\050\000\051}{subsection.6.30.2}% 388
\BOOKMARK [3][-]{subsubsection.6.30.2.14}{\376\377\0006\000.\0003\0000\000.\0002\000.\0001\0004\000\040\000s\000h\000o\000w\000\137\000t\000r\000e\000e\000\137\000c\000o\000n\000t\000e\000x\000t\000\137\000m\000e\000n\000u\000\050\000\051}{subsection.6.30.2}% 389
\BOOKMARK [3][-]{subsubsection.6.30.2.15}{\376\377\0006\000.\0003\0000\000.\0002\000.\0001\0005\000\040\000u\000p\000d\000a\000t\000e\000\137\000p\000r\000o\000j\000e\000c\000t\000\137\000t\000r\000e\000e\000\050\000\051}{subsection.6.30.2}% 390
\BOOKMARK [2][-]{subsection.6.30.3}{\376\377\0006\000.\0003\0000\000.\0003\000\040\004\024\004\060\004\075\004\075\004\113\004\065\000\040\004\072\004\073\004\060\004\101\004\101\004\060}{section.6.30}% 391
\BOOKMARK [3][-]{subsubsection.6.30.3.1}{\376\377\0006\000.\0003\0000\000.\0003\000.\0001\000\040\000a\000d\000d\000\137\000b\000o\000u\000n\000d\000a\000r\000y\000\137\000c\000o\000n\000d\000i\000t\000i\000o\000n}{subsection.6.30.3}% 392
\BOOKMARK [3][-]{subsubsection.6.30.3.2}{\376\377\0006\000.\0003\0000\000.\0003\000.\0002\000\040\000b\000o\000o\000l\000e\000a\000n\000\137\000o\000p\000e\000r\000a\000t\000i\000o\000n\000s}{subsection.6.30.3}% 393
\BOOKMARK [3][-]{subsubsection.6.30.3.3}{\376\377\0006\000.\0003\0000\000.\0003\000.\0003\000\040\000b\000o\000u\000n\000d\000a\000r\000y\000\137\000c\000o\000n\000d\000i\000t\000i\000o\000n\000s}{subsection.6.30.3}% 394
\BOOKMARK [3][-]{subsubsection.6.30.3.4}{\376\377\0006\000.\0003\0000\000.\0003\000.\0004\000\040\000b\000o\000u\000n\000d\000a\000r\000y\000\137\000e\000d\000g\000e\000s}{subsection.6.30.3}% 395
\BOOKMARK [3][-]{subsubsection.6.30.3.5}{\376\377\0006\000.\0003\0000\000.\0003\000.\0005\000\040\000b\000u\000i\000l\000d\000\137\000g\000m\000s\000h\000\137\000m\000e\000s\000h}{subsection.6.30.3}% 396
\BOOKMARK [3][-]{subsubsection.6.30.3.6}{\376\377\0006\000.\0003\0000\000.\0003\000.\0006\000\040\000c\000a\000n\000v\000a\000s\000\137\000v\000i\000s\000u\000a\000l\000i\000z\000a\000t\000i\000o\000n}{subsection.6.30.3}% 397
\BOOKMARK [3][-]{subsubsection.6.30.3.7}{\376\377\0006\000.\0003\0000\000.\0003\000.\0007\000\040\000c\000o\000l\000o\000r\000\137\000b\000a\000r}{subsection.6.30.3}% 398
\BOOKMARK [3][-]{subsubsection.6.30.3.8}{\376\377\0006\000.\0003\0000\000.\0003\000.\0008\000\040\000d\000r\000a\000w\000i\000n\000g\000\137\000s\000e\000r\000v\000i\000c\000e}{subsection.6.30.3}% 399
\BOOKMARK [3][-]{subsubsection.6.30.3.9}{\376\377\0006\000.\0003\0000\000.\0003\000.\0009\000\040\000e\000v\000e\000n\000t\000\137\000h\000a\000n\000d\000l\000e\000r}{subsection.6.30.3}% 400
\BOOKMARK [3][-]{subsubsection.6.30.3.10}{\376\377\0006\000.\0003\0000\000.\0003\000.\0001\0000\000\040\000g\000r\000i\000d\000\137\000s\000p\000a\000c\000i\000n\000g}{subsection.6.30.3}% 401
\BOOKMARK [3][-]{subsubsection.6.30.3.11}{\376\377\0006\000.\0003\0000\000.\0003\000.\0001\0001\000\040\000i\000n\000i\000t\000i\000a\000l\000\137\000c\000o\000n\000d\000i\000t\000i\000o\000n\000s}{subsection.6.30.3}% 402
\BOOKMARK [3][-]{subsubsection.6.30.3.12}{\376\377\0006\000.\0003\0000\000.\0003\000.\0001\0002\000\040\000l\000a\000y\000o\000u\000t\000\137\000v\000i\000s\000u\000a\000l\000i\000z\000a\000t\000i\000o\000n}{subsection.6.30.3}% 403
\BOOKMARK [3][-]{subsubsection.6.30.3.13}{\376\377\0006\000.\0003\0000\000.\0003\000.\0001\0003\000\040\000l\000o\000g\000g\000e\000r}{subsection.6.30.3}% 404
\BOOKMARK [3][-]{subsubsection.6.30.3.14}{\376\377\0006\000.\0003\0000\000.\0003\000.\0001\0004\000\040\000m\000a\000t\000e\000r\000i\000a\000l}{subsection.6.30.3}% 405
\BOOKMARK [3][-]{subsubsection.6.30.3.15}{\376\377\0006\000.\0003\0000\000.\0003\000.\0001\0005\000\040\000o\000n\000\137\000t\000r\000e\000e\000\137\000i\000t\000e\000m\000\137\000c\000l\000i\000c\000k\000e\000d}{subsection.6.30.3}% 406
\BOOKMARK [3][-]{subsubsection.6.30.3.16}{\376\377\0006\000.\0003\0000\000.\0003\000.\0001\0006\000\040\000s\000c\000e\000n\000e}{subsection.6.30.3}% 407
\BOOKMARK [3][-]{subsubsection.6.30.3.17}{\376\377\0006\000.\0003\0000\000.\0003\000.\0001\0007\000\040\000s\000e\000l\000e\000c\000t\000i\000o\000n\000\137\000s\000e\000r\000v\000i\000c\000e}{subsection.6.30.3}% 408
\BOOKMARK [3][-]{subsubsection.6.30.3.18}{\376\377\0006\000.\0003\0000\000.\0003\000.\0001\0008\000\040\000s\000h\000o\000w\000\137\000t\000r\000e\000e\000\137\000c\000o\000n\000t\000e\000x\000t\000\137\000m\000e\000n\000u}{subsection.6.30.3}% 409
\BOOKMARK [3][-]{subsubsection.6.30.3.19}{\376\377\0006\000.\0003\0000\000.\0003\000.\0001\0009\000\040\000t\000o\000o\000l\000b\000a\000r}{subsection.6.30.3}% 410
\BOOKMARK [3][-]{subsubsection.6.30.3.20}{\376\377\0006\000.\0003\0000\000.\0003\000.\0002\0000\000\040\000t\000r\000a\000n\000s\000f\000o\000r\000m\000a\000t\000i\000o\000n\000\137\000o\000p\000e\000r\000a\000t\000i\000o\000n\000s}{subsection.6.30.3}% 411
\BOOKMARK [3][-]{subsubsection.6.30.3.21}{\376\377\0006\000.\0003\0000\000.\0003\000.\0002\0001\000\040\000t\000u\000r\000b\000u\000l\000e\000n\000c\000e\000\137\000p\000a\000r\000a\000m\000s}{subsection.6.30.3}% 412
\BOOKMARK [3][-]{subsubsection.6.30.3.22}{\376\377\0006\000.\0003\0000\000.\0003\000.\0002\0002\000\040\000u\000i}{subsection.6.30.3}% 413
\BOOKMARK [1][-]{section.6.31}{\376\377\0006\000.\0003\0001\000\040\004\032\004\073\004\060\004\101\004\101\000\040\000t\000u\000r\000b\000u\000l\000e\000n\000c\000e\000\137\000m\000o\000d\000e\000l\000s\000.\000M\000a\000t\000e\000r\000i\000a\000l}{chapter.6}% 414
\BOOKMARK [2][-]{subsection.6.31.1}{\376\377\0006\000.\0003\0001\000.\0001\000\040\004\024\004\060\004\075\004\075\004\113\004\065\000\040\004\072\004\073\004\060\004\101\004\101\004\060}{section.6.31}% 415
\BOOKMARK [3][-]{subsubsection.6.31.1.1}{\376\377\0006\000.\0003\0001\000.\0001\000.\0001\000\040\000m\000u}{subsection.6.31.1}% 416
\BOOKMARK [3][-]{subsubsection.6.31.1.2}{\376\377\0006\000.\0003\0001\000.\0001\000.\0002\000\040\000r\000h\000o}{subsection.6.31.1}% 417
\BOOKMARK [1][-]{section.6.32}{\376\377\0006\000.\0003\0002\000\040\004\032\004\073\004\060\004\101\004\101\000\040\000m\000a\000t\000e\000r\000i\000a\000l\000\137\000d\000i\000a\000l\000o\000g\000.\000M\000a\000t\000e\000r\000i\000a\000l\000D\000i\000a\000l\000o\000g}{chapter.6}% 418
\BOOKMARK [2][-]{subsection.6.32.1}{\376\377\0006\000.\0003\0002\000.\0001\000\040\004\032\004\076\004\075\004\101\004\102\004\100\004\103\004\072\004\102\004\076\004\100\000\050\004\113\000\051}{section.6.32}% 419
\BOOKMARK [3][-]{subsubsection.6.32.1.1}{\376\377\0006\000.\0003\0002\000.\0001\000.\0001\000\040\000\137\000\137\000i\000n\000i\000t\000\137\000\137\000\050\000\051}{subsection.6.32.1}% 420
\BOOKMARK [2][-]{subsection.6.32.2}{\376\377\0006\000.\0003\0002\000.\0002\000\040\004\034\004\065\004\102\004\076\004\064\004\113}{section.6.32}% 421
\BOOKMARK [3][-]{subsubsection.6.32.2.1}{\376\377\0006\000.\0003\0002\000.\0002\000.\0001\000\040\000g\000e\000t\000\137\000d\000a\000t\000a\000\050\000\051}{subsection.6.32.2}% 422
\BOOKMARK [2][-]{subsection.6.32.3}{\376\377\0006\000.\0003\0002\000.\0003\000\040\004\024\004\060\004\075\004\075\004\113\004\065\000\040\004\072\004\073\004\060\004\101\004\101\004\060}{section.6.32}% 423
\BOOKMARK [3][-]{subsubsection.6.32.3.1}{\376\377\0006\000.\0003\0002\000.\0003\000.\0001\000\040\000a\000c\000c\000e\000p\000t}{subsection.6.32.3}% 424
\BOOKMARK [3][-]{subsubsection.6.32.3.2}{\376\377\0006\000.\0003\0002\000.\0003\000.\0002\000\040\000d\000e\000n\000s\000i\000t\000y\000E\000d\000i\000t}{subsection.6.32.3}% 425
\BOOKMARK [3][-]{subsubsection.6.32.3.3}{\376\377\0006\000.\0003\0002\000.\0003\000.\0003\000\040\000r\000e\000j\000e\000c\000t}{subsection.6.32.3}% 426
\BOOKMARK [3][-]{subsubsection.6.32.3.4}{\376\377\0006\000.\0003\0002\000.\0003\000.\0004\000\040\000v\000i\000s\000c\000o\000s\000i\000t\000y\000E\000d\000i\000t}{subsection.6.32.3}% 427
\BOOKMARK [1][-]{section.6.33}{\376\377\0006\000.\0003\0003\000\040\004\032\004\073\004\060\004\101\004\101\000\040\000m\000e\000s\000h\000\137\000d\000i\000a\000l\000o\000g\000.\000M\000e\000s\000h\000D\000i\000a\000l\000o\000g}{chapter.6}% 428
\BOOKMARK [2][-]{subsection.6.33.1}{\376\377\0006\000.\0003\0003\000.\0001\000\040\004\032\004\076\004\075\004\101\004\102\004\100\004\103\004\072\004\102\004\076\004\100\000\050\004\113\000\051}{section.6.33}% 429
\BOOKMARK [3][-]{subsubsection.6.33.1.1}{\376\377\0006\000.\0003\0003\000.\0001\000.\0001\000\040\000\137\000\137\000i\000n\000i\000t\000\137\000\137\000\050\000\051}{subsection.6.33.1}% 430
\BOOKMARK [2][-]{subsection.6.33.2}{\376\377\0006\000.\0003\0003\000.\0002\000\040\004\034\004\065\004\102\004\076\004\064\004\113}{section.6.33}% 431
\BOOKMARK [3][-]{subsubsection.6.33.2.1}{\376\377\0006\000.\0003\0003\000.\0002\000.\0001\000\040\000g\000e\000t\000\137\000d\000a\000t\000a\000\050\000\051}{subsection.6.33.2}% 432
\BOOKMARK [2][-]{subsection.6.33.3}{\376\377\0006\000.\0003\0003\000.\0003\000\040\004\024\004\060\004\075\004\075\004\113\004\065\000\040\004\072\004\073\004\060\004\101\004\101\004\060}{section.6.33}% 433
\BOOKMARK [3][-]{subsubsection.6.33.3.1}{\376\377\0006\000.\0003\0003\000.\0003\000.\0001\000\040\000a\000c\000c\000e\000p\000t}{subsection.6.33.3}% 434
\BOOKMARK [3][-]{subsubsection.6.33.3.2}{\376\377\0006\000.\0003\0003\000.\0003\000.\0002\000\040\000d\000x\000\137\000s\000p\000i\000n}{subsection.6.33.3}% 435
\BOOKMARK [3][-]{subsubsection.6.33.3.3}{\376\377\0006\000.\0003\0003\000.\0003\000.\0003\000\040\000r\000e\000j\000e\000c\000t}{subsection.6.33.3}% 436
\BOOKMARK [1][-]{section.6.34}{\376\377\0006\000.\0003\0004\000\040\004\032\004\073\004\060\004\101\004\101\000\040\000m\000o\000v\000e\000\137\000c\000o\000m\000m\000a\000n\000d\000.\000M\000o\000v\000e\000C\000o\000m\000m\000a\000n\000d}{chapter.6}% 437
\BOOKMARK [2][-]{subsection.6.34.1}{\376\377\0006\000.\0003\0004\000.\0001\000\040\004\032\004\076\004\075\004\101\004\102\004\100\004\103\004\072\004\102\004\076\004\100\000\050\004\113\000\051}{section.6.34}% 438
\BOOKMARK [3][-]{subsubsection.6.34.1.1}{\376\377\0006\000.\0003\0004\000.\0001\000.\0001\000\040\000\137\000\137\000i\000n\000i\000t\000\137\000\137\000\050\000\051}{subsection.6.34.1}% 439
\BOOKMARK [2][-]{subsection.6.34.2}{\376\377\0006\000.\0003\0004\000.\0002\000\040\004\034\004\065\004\102\004\076\004\064\004\113}{section.6.34}% 440
\BOOKMARK [3][-]{subsubsection.6.34.2.1}{\376\377\0006\000.\0003\0004\000.\0002\000.\0001\000\040\000e\000x\000e\000c\000u\000t\000e\000\050\000\051}{subsection.6.34.2}% 441
\BOOKMARK [3][-]{subsubsection.6.34.2.2}{\376\377\0006\000.\0003\0004\000.\0002\000.\0002\000\040\000u\000n\000d\000o\000\050\000\051}{subsection.6.34.2}% 442
\BOOKMARK [2][-]{subsection.6.34.3}{\376\377\0006\000.\0003\0004\000.\0003\000\040\004\024\004\060\004\075\004\075\004\113\004\065\000\040\004\072\004\073\004\060\004\101\004\101\004\060}{section.6.34}% 443
\BOOKMARK [3][-]{subsubsection.6.34.3.1}{\376\377\0006\000.\0003\0004\000.\0003\000.\0001\000\040\000d\000e\000l\000t\000a}{subsection.6.34.3}% 444
\BOOKMARK [3][-]{subsubsection.6.34.3.2}{\376\377\0006\000.\0003\0004\000.\0003\000.\0002\000\040\000i\000t\000e\000m\000s}{subsection.6.34.3}% 445
\BOOKMARK [1][-]{section.6.35}{\376\377\0006\000.\0003\0005\000\040\004\032\004\073\004\060\004\101\004\101\000\040\000m\000p\000l\000\137\000c\000a\000n\000v\000a\000s\000.\000M\000p\000l\000C\000a\000n\000v\000a\000s}{chapter.6}% 446
\BOOKMARK [2][-]{subsection.6.35.1}{\376\377\0006\000.\0003\0005\000.\0001\000\040\004\032\004\076\004\075\004\101\004\102\004\100\004\103\004\072\004\102\004\076\004\100\000\050\004\113\000\051}{section.6.35}% 447
\BOOKMARK [3][-]{subsubsection.6.35.1.1}{\376\377\0006\000.\0003\0005\000.\0001\000.\0001\000\040\000\137\000\137\000i\000n\000i\000t\000\137\000\137\000\050\000\051}{subsection.6.35.1}% 448
\BOOKMARK [2][-]{subsection.6.35.2}{\376\377\0006\000.\0003\0005\000.\0002\000\040\004\024\004\060\004\075\004\075\004\113\004\065\000\040\004\072\004\073\004\060\004\101\004\101\004\060}{section.6.35}% 449
\BOOKMARK [3][-]{subsubsection.6.35.2.1}{\376\377\0006\000.\0003\0005\000.\0002\000.\0001\000\040\000a\000x}{subsection.6.35.2}% 450
\BOOKMARK [3][-]{subsubsection.6.35.2.2}{\376\377\0006\000.\0003\0005\000.\0002\000.\0002\000\040\000f\000i\000g}{subsection.6.35.2}% 451
\BOOKMARK [1][-]{section.6.36}{\376\377\0006\000.\0003\0006\000\040\004\032\004\073\004\060\004\101\004\101\000\040\000t\000u\000r\000b\000u\000l\000e\000n\000c\000e\000\137\000m\000o\000d\000e\000l\000s\000.\000O\000p\000e\000n\000B\000o\000u\000n\000d\000a\000r\000y\000C\000o\000n\000d\000i\000t\000i\000o\000n\000s}{chapter.6}% 452
\BOOKMARK [2][-]{subsection.6.36.1}{\376\377\0006\000.\0003\0006\000.\0001\000\040\004\024\004\060\004\075\004\075\004\113\004\065\000\040\004\072\004\073\004\060\004\101\004\101\004\060}{section.6.36}% 453
\BOOKMARK [3][-]{subsubsection.6.36.1.1}{\376\377\0006\000.\0003\0006\000.\0001\000.\0001\000\040\000k}{subsection.6.36.1}% 454
\BOOKMARK [3][-]{subsubsection.6.36.1.2}{\376\377\0006\000.\0003\0006\000.\0001\000.\0002\000\040\000o\000m\000e\000g\000a}{subsection.6.36.1}% 455
\BOOKMARK [3][-]{subsubsection.6.36.1.3}{\376\377\0006\000.\0003\0006\000.\0001\000.\0003\000\040\000t\000y\000p\000e}{subsection.6.36.1}% 456
\BOOKMARK [1][-]{section.6.37}{\376\377\0006\000.\0003\0007\000\040\004\032\004\073\004\060\004\101\004\101\000\040\000p\000a\000r\000a\000m\000e\000t\000r\000i\000c\000\137\000c\000u\000r\000v\000e\000\137\000i\000t\000e\000m\000.\000P\000a\000r\000a\000m\000e\000t\000r\000i\000c\000C\000u\000r\000v\000e\000I\000t\000e\000m}{chapter.6}% 457
\BOOKMARK [2][-]{subsection.6.37.1}{\376\377\0006\000.\0003\0007\000.\0001\000\040\004\032\004\076\004\075\004\101\004\102\004\100\004\103\004\072\004\102\004\076\004\100\000\050\004\113\000\051}{section.6.37}% 458
\BOOKMARK [3][-]{subsubsection.6.37.1.1}{\376\377\0006\000.\0003\0007\000.\0001\000.\0001\000\040\000\137\000\137\000i\000n\000i\000t\000\137\000\137\000\050\000\051}{subsection.6.37.1}% 459
\BOOKMARK [2][-]{subsection.6.37.2}{\376\377\0006\000.\0003\0007\000.\0002\000\040\004\034\004\065\004\102\004\076\004\064\004\113}{section.6.37}% 460
\BOOKMARK [3][-]{subsubsection.6.37.2.1}{\376\377\0006\000.\0003\0007\000.\0002\000.\0001\000\040\000\137\000\137\000r\000e\000p\000r\000\137\000\137\000\050\000\051}{subsection.6.37.2}% 461
\BOOKMARK [3][-]{subsubsection.6.37.2.2}{\376\377\0006\000.\0003\0007\000.\0002\000.\0002\000\040\000g\000e\000n\000e\000r\000a\000t\000e\000\137\000e\000d\000g\000e\000s\000\050\000\051}{subsection.6.37.2}% 462
\BOOKMARK [2][-]{subsection.6.37.3}{\376\377\0006\000.\0003\0007\000.\0003\000\040\004\024\004\060\004\075\004\075\004\113\004\065\000\040\004\072\004\073\004\060\004\101\004\101\004\060}{section.6.37}% 463
\BOOKMARK [3][-]{subsubsection.6.37.3.1}{\376\377\0006\000.\0003\0007\000.\0003\000.\0001\000\040\000e\000d\000g\000e\000s}{subsection.6.37.3}% 464
\BOOKMARK [1][-]{section.6.38}{\376\377\0006\000.\0003\0008\000\040\004\032\004\073\004\060\004\101\004\101\000\040\000p\000a\000r\000a\000m\000e\000t\000r\000i\000c\000\137\000d\000i\000a\000l\000o\000g\000.\000P\000a\000r\000a\000m\000e\000t\000r\000i\000c\000D\000i\000a\000l\000o\000g}{chapter.6}% 465
\BOOKMARK [2][-]{subsection.6.38.1}{\376\377\0006\000.\0003\0008\000.\0001\000\040\004\032\004\076\004\075\004\101\004\102\004\100\004\103\004\072\004\102\004\076\004\100\000\050\004\113\000\051}{section.6.38}% 466
\BOOKMARK [3][-]{subsubsection.6.38.1.1}{\376\377\0006\000.\0003\0008\000.\0001\000.\0001\000\040\000\137\000\137\000i\000n\000i\000t\000\137\000\137\000\050\000\051}{subsection.6.38.1}% 467
\BOOKMARK [2][-]{subsection.6.38.2}{\376\377\0006\000.\0003\0008\000.\0002\000\040\004\034\004\065\004\102\004\076\004\064\004\113}{section.6.38}% 468
\BOOKMARK [3][-]{subsubsection.6.38.2.1}{\376\377\0006\000.\0003\0008\000.\0002\000.\0001\000\040\000g\000e\000t\000\137\000d\000a\000t\000a\000\050\000\051}{subsection.6.38.2}% 469
\BOOKMARK [2][-]{subsection.6.38.3}{\376\377\0006\000.\0003\0008\000.\0003\000\040\004\024\004\060\004\075\004\075\004\113\004\065\000\040\004\072\004\073\004\060\004\101\004\101\004\060}{section.6.38}% 470
\BOOKMARK [3][-]{subsubsection.6.38.3.1}{\376\377\0006\000.\0003\0008\000.\0003\000.\0001\000\040\000a\000c\000c\000e\000p\000t}{subsection.6.38.3}% 471
\BOOKMARK [3][-]{subsubsection.6.38.3.2}{\376\377\0006\000.\0003\0008\000.\0003\000.\0002\000\040\000r\000e\000j\000e\000c\000t}{subsection.6.38.3}% 472
\BOOKMARK [3][-]{subsubsection.6.38.3.3}{\376\377\0006\000.\0003\0008\000.\0003\000.\0003\000\040\000s\000a\000m\000p\000l\000e\000s}{subsection.6.38.3}% 473
\BOOKMARK [3][-]{subsubsection.6.38.3.4}{\376\377\0006\000.\0003\0008\000.\0003\000.\0004\000\040\000t\000\137\000m\000a\000x}{subsection.6.38.3}% 474
\BOOKMARK [3][-]{subsubsection.6.38.3.5}{\376\377\0006\000.\0003\0008\000.\0003\000.\0005\000\040\000t\000\137\000m\000i\000n}{subsection.6.38.3}% 475
\BOOKMARK [3][-]{subsubsection.6.38.3.6}{\376\377\0006\000.\0003\0008\000.\0003\000.\0006\000\040\000x\000\137\000e\000x\000p\000r}{subsection.6.38.3}% 476
\BOOKMARK [3][-]{subsubsection.6.38.3.7}{\376\377\0006\000.\0003\0008\000.\0003\000.\0007\000\040\000y\000\137\000e\000x\000p\000r}{subsection.6.38.3}% 477
\BOOKMARK [1][-]{section.6.39}{\376\377\0006\000.\0003\0009\000\040\004\032\004\073\004\060\004\101\004\101\000\040\000p\000l\000o\000t\000t\000e\000r\000.\000P\000l\000o\000t\000t\000e\000r}{chapter.6}% 478
\BOOKMARK [2][-]{subsection.6.39.1}{\376\377\0006\000.\0003\0009\000.\0001\000\040\004\034\004\065\004\102\004\076\004\064\004\113}{section.6.39}% 479
\BOOKMARK [3][-]{subsubsection.6.39.1.1}{\376\377\0006\000.\0003\0009\000.\0001\000.\0001\000\040\000p\000l\000o\000t\000\137\000g\000e\000o\000m\000e\000t\000r\000y\000\050\000\051}{subsection.6.39.1}% 480
\BOOKMARK [3][-]{subsubsection.6.39.1.2}{\376\377\0006\000.\0003\0009\000.\0001\000.\0002\000\040\000p\000l\000o\000t\000\137\000s\000t\000r\000e\000a\000m\000l\000i\000n\000e\000\050\000\051}{subsection.6.39.1}% 481
\BOOKMARK [3][-]{subsubsection.6.39.1.3}{\376\377\0006\000.\0003\0009\000.\0001\000.\0003\000\040\000p\000l\000o\000t\000\137\000s\000u\000r\000f\000a\000c\000e\000\050\000\051}{subsection.6.39.1}% 482
\BOOKMARK [1][-]{section.6.40}{\376\377\0006\000.\0004\0000\000\040\004\032\004\073\004\060\004\101\004\101\000\040\000r\000e\000c\000t\000a\000n\000g\000l\000e\000\137\000i\000t\000e\000m\000.\000R\000e\000c\000t\000a\000n\000g\000l\000e\000I\000t\000e\000m}{chapter.6}% 483
\BOOKMARK [2][-]{subsection.6.40.1}{\376\377\0006\000.\0004\0000\000.\0001\000\040\004\032\004\076\004\075\004\101\004\102\004\100\004\103\004\072\004\102\004\076\004\100\000\050\004\113\000\051}{section.6.40}% 484
\BOOKMARK [3][-]{subsubsection.6.40.1.1}{\376\377\0006\000.\0004\0000\000.\0001\000.\0001\000\040\000\137\000\137\000i\000n\000i\000t\000\137\000\137\000\050\000\051}{subsection.6.40.1}% 485
\BOOKMARK [2][-]{subsection.6.40.2}{\376\377\0006\000.\0004\0000\000.\0002\000\040\004\034\004\065\004\102\004\076\004\064\004\113}{section.6.40}% 486
\BOOKMARK [3][-]{subsubsection.6.40.2.1}{\376\377\0006\000.\0004\0000\000.\0002\000.\0001\000\040\000\137\000\137\000r\000e\000p\000r\000\137\000\137\000\050\000\051}{subsection.6.40.2}% 487
\BOOKMARK [3][-]{subsubsection.6.40.2.2}{\376\377\0006\000.\0004\0000\000.\0002\000.\0002\000\040\000g\000e\000n\000e\000r\000a\000t\000e\000\137\000e\000d\000g\000e\000s\000\050\000\051}{subsection.6.40.2}% 488
\BOOKMARK [3][-]{subsubsection.6.40.2.3}{\376\377\0006\000.\0004\0000\000.\0002\000.\0003\000\040\000g\000e\000t\000\137\000p\000a\000t\000h\000\050\000\051}{subsection.6.40.2}% 489
\BOOKMARK [2][-]{subsection.6.40.3}{\376\377\0006\000.\0004\0000\000.\0003\000\040\004\024\004\060\004\075\004\075\004\113\004\065\000\040\004\072\004\073\004\060\004\101\004\101\004\060}{section.6.40}% 490
\BOOKMARK [3][-]{subsubsection.6.40.3.1}{\376\377\0006\000.\0004\0000\000.\0003\000.\0001\000\040\000e\000d\000g\000e\000s}{subsection.6.40.3}% 491
\BOOKMARK [1][-]{section.6.41}{\376\377\0006\000.\0004\0001\000\040\004\032\004\073\004\060\004\101\004\101\000\040\000r\000e\000c\000t\000\137\000d\000i\000a\000l\000o\000g\000.\000R\000e\000c\000t\000D\000i\000a\000l\000o\000g}{chapter.6}% 492
\BOOKMARK [2][-]{subsection.6.41.1}{\376\377\0006\000.\0004\0001\000.\0001\000\040\004\032\004\076\004\075\004\101\004\102\004\100\004\103\004\072\004\102\004\076\004\100\000\050\004\113\000\051}{section.6.41}% 493
\BOOKMARK [3][-]{subsubsection.6.41.1.1}{\376\377\0006\000.\0004\0001\000.\0001\000.\0001\000\040\000\137\000\137\000i\000n\000i\000t\000\137\000\137\000\050\000\051}{subsection.6.41.1}% 494
\BOOKMARK [2][-]{subsection.6.41.2}{\376\377\0006\000.\0004\0001\000.\0002\000\040\004\034\004\065\004\102\004\076\004\064\004\113}{section.6.41}% 495
\BOOKMARK [3][-]{subsubsection.6.41.2.1}{\376\377\0006\000.\0004\0001\000.\0002\000.\0001\000\040\000g\000e\000t\000\137\000d\000a\000t\000a\000\050\000\051}{subsection.6.41.2}% 496
\BOOKMARK [2][-]{subsection.6.41.3}{\376\377\0006\000.\0004\0001\000.\0003\000\040\004\024\004\060\004\075\004\075\004\113\004\065\000\040\004\072\004\073\004\060\004\101\004\101\004\060}{section.6.41}% 497
\BOOKMARK [3][-]{subsubsection.6.41.3.1}{\376\377\0006\000.\0004\0001\000.\0003\000.\0001\000\040\000a\000c\000c\000e\000p\000t}{subsection.6.41.3}% 498
\BOOKMARK [3][-]{subsubsection.6.41.3.2}{\376\377\0006\000.\0004\0001\000.\0003\000.\0002\000\040\000h\000e\000i\000g\000h\000t}{subsection.6.41.3}% 499
\BOOKMARK [3][-]{subsubsection.6.41.3.3}{\376\377\0006\000.\0004\0001\000.\0003\000.\0003\000\040\000r\000e\000j\000e\000c\000t}{subsection.6.41.3}% 500
\BOOKMARK [3][-]{subsubsection.6.41.3.4}{\376\377\0006\000.\0004\0001\000.\0003\000.\0004\000\040\000t\000o\000p\000\137\000l\000e\000f\000t\000\137\000x}{subsection.6.41.3}% 501
\BOOKMARK [3][-]{subsubsection.6.41.3.5}{\376\377\0006\000.\0004\0001\000.\0003\000.\0005\000\040\000t\000o\000p\000\137\000l\000e\000f\000t\000\137\000y}{subsection.6.41.3}% 502
\BOOKMARK [3][-]{subsubsection.6.41.3.6}{\376\377\0006\000.\0004\0001\000.\0003\000.\0006\000\040\000w\000i\000d\000t\000h}{subsection.6.41.3}% 503
\BOOKMARK [1][-]{section.6.42}{\376\377\0006\000.\0004\0002\000\040\004\032\004\073\004\060\004\101\004\101\000\040\000r\000o\000t\000a\000t\000e\000\137\000c\000o\000m\000m\000a\000n\000d\000.\000R\000o\000t\000a\000t\000e\000C\000o\000m\000m\000a\000n\000d}{chapter.6}% 504
\BOOKMARK [2][-]{subsection.6.42.1}{\376\377\0006\000.\0004\0002\000.\0001\000\040\004\032\004\076\004\075\004\101\004\102\004\100\004\103\004\072\004\102\004\076\004\100\000\050\004\113\000\051}{section.6.42}% 505
\BOOKMARK [3][-]{subsubsection.6.42.1.1}{\376\377\0006\000.\0004\0002\000.\0001\000.\0001\000\040\000\137\000\137\000i\000n\000i\000t\000\137\000\137\000\050\000\051}{subsection.6.42.1}% 506
\BOOKMARK [2][-]{subsection.6.42.2}{\376\377\0006\000.\0004\0002\000.\0002\000\040\004\034\004\065\004\102\004\076\004\064\004\113}{section.6.42}% 507
\BOOKMARK [3][-]{subsubsection.6.42.2.1}{\376\377\0006\000.\0004\0002\000.\0002\000.\0001\000\040\000e\000x\000e\000c\000u\000t\000e\000\050\000\051}{subsection.6.42.2}% 508
\BOOKMARK [3][-]{subsubsection.6.42.2.2}{\376\377\0006\000.\0004\0002\000.\0002\000.\0002\000\040\000u\000n\000d\000o\000\050\000\051}{subsection.6.42.2}% 509
\BOOKMARK [2][-]{subsection.6.42.3}{\376\377\0006\000.\0004\0002\000.\0003\000\040\004\024\004\060\004\075\004\075\004\113\004\065\000\040\004\072\004\073\004\060\004\101\004\101\004\060}{section.6.42}% 510
\BOOKMARK [3][-]{subsubsection.6.42.3.1}{\376\377\0006\000.\0004\0002\000.\0003\000.\0001\000\040\000a\000n\000g\000l\000e\000\137\000d\000e\000l\000t\000a}{subsection.6.42.3}% 511
\BOOKMARK [3][-]{subsubsection.6.42.3.2}{\376\377\0006\000.\0004\0002\000.\0003\000.\0002\000\040\000i\000t\000e\000m}{subsection.6.42.3}% 512
\BOOKMARK [3][-]{subsubsection.6.42.3.3}{\376\377\0006\000.\0004\0002\000.\0003\000.\0003\000\040\000s\000t\000a\000r\000t\000\137\000r\000o\000t\000a\000t\000i\000o\000n}{subsection.6.42.3}% 513
\BOOKMARK [1][-]{section.6.43}{\376\377\0006\000.\0004\0003\000\040\004\032\004\073\004\060\004\101\004\101\000\040\000s\000e\000l\000e\000c\000t\000i\000o\000n\000\137\000s\000e\000r\000v\000i\000c\000e\000.\000S\000e\000l\000e\000c\000t\000i\000o\000n\000S\000e\000r\000v\000i\000c\000e}{chapter.6}% 514
\BOOKMARK [2][-]{subsection.6.43.1}{\376\377\0006\000.\0004\0003\000.\0001\000\040\004\032\004\076\004\075\004\101\004\102\004\100\004\103\004\072\004\102\004\076\004\100\000\050\004\113\000\051}{section.6.43}% 515
\BOOKMARK [3][-]{subsubsection.6.43.1.1}{\376\377\0006\000.\0004\0003\000.\0001\000.\0001\000\040\000\137\000\137\000i\000n\000i\000t\000\137\000\137\000\050\000\051}{subsection.6.43.1}% 516
\BOOKMARK [2][-]{subsection.6.43.2}{\376\377\0006\000.\0004\0003\000.\0002\000\040\004\034\004\065\004\102\004\076\004\064\004\113}{section.6.43}% 517
\BOOKMARK [3][-]{subsubsection.6.43.2.1}{\376\377\0006\000.\0004\0003\000.\0002\000.\0001\000\040\000a\000d\000d\000\137\000e\000d\000g\000e\000\050\000\051}{subsection.6.43.2}% 518
\BOOKMARK [3][-]{subsubsection.6.43.2.2}{\376\377\0006\000.\0004\0003\000.\0002\000.\0002\000\040\000c\000l\000e\000a\000r\000\137\000a\000n\000d\000\137\000s\000e\000l\000e\000c\000t\000\137\000i\000t\000e\000m\000\050\000\051}{subsection.6.43.2}% 519
\BOOKMARK [3][-]{subsubsection.6.43.2.3}{\376\377\0006\000.\0004\0003\000.\0002\000.\0003\000\040\000c\000l\000e\000a\000r\000\137\000e\000d\000g\000e\000s\000\050\000\051}{subsection.6.43.2}% 520
\BOOKMARK [3][-]{subsubsection.6.43.2.4}{\376\377\0006\000.\0004\0003\000.\0002\000.\0004\000\040\000c\000l\000e\000a\000r\000\137\000s\000e\000l\000e\000c\000t\000i\000o\000n\000\050\000\051}{subsection.6.43.2}% 521
\BOOKMARK [3][-]{subsubsection.6.43.2.5}{\376\377\0006\000.\0004\0003\000.\0002\000.\0005\000\040\000h\000i\000g\000h\000l\000i\000g\000h\000t\000\137\000e\000d\000g\000e\000\050\000\051}{subsection.6.43.2}% 522
\BOOKMARK [3][-]{subsubsection.6.43.2.6}{\376\377\0006\000.\0004\0003\000.\0002\000.\0006\000\040\000r\000e\000m\000o\000v\000e\000\137\000e\000d\000g\000e\000\050\000\051}{subsection.6.43.2}% 523
\BOOKMARK [3][-]{subsubsection.6.43.2.7}{\376\377\0006\000.\0004\0003\000.\0002\000.\0007\000\040\000s\000e\000l\000e\000c\000t\000\137\000a\000l\000l\000\050\000\051}{subsection.6.43.2}% 524
\BOOKMARK [3][-]{subsubsection.6.43.2.8}{\376\377\0006\000.\0004\0003\000.\0002\000.\0008\000\040\000s\000e\000l\000e\000c\000t\000\137\000i\000t\000e\000m\000\050\000\051}{subsection.6.43.2}% 525
\BOOKMARK [3][-]{subsubsection.6.43.2.9}{\376\377\0006\000.\0004\0003\000.\0002\000.\0009\000\040\000u\000p\000d\000a\000t\000e\000\137\000s\000e\000l\000e\000c\000t\000i\000o\000n\000\050\000\051}{subsection.6.43.2}% 526
\BOOKMARK [2][-]{subsection.6.43.3}{\376\377\0006\000.\0004\0003\000.\0003\000\040\004\024\004\060\004\075\004\075\004\113\004\065\000\040\004\072\004\073\004\060\004\101\004\101\004\060}{section.6.43}% 527
\BOOKMARK [3][-]{subsubsection.6.43.3.1}{\376\377\0006\000.\0004\0003\000.\0003\000.\0001\000\040\000b\000o\000o\000l\000\137\000s\000e\000l\000e\000c\000t\000i\000o\000n}{subsection.6.43.3}% 528
\BOOKMARK [3][-]{subsubsection.6.43.3.2}{\376\377\0006\000.\0004\0003\000.\0003\000.\0002\000\040\000l\000a\000s\000t\000\137\000s\000e\000l\000e\000c\000t\000i\000o\000n\000\137\000r\000e\000c\000t}{subsection.6.43.3}% 529
\BOOKMARK [3][-]{subsubsection.6.43.3.3}{\376\377\0006\000.\0004\0003\000.\0003\000.\0003\000\040\000s\000c\000e\000n\000e}{subsection.6.43.3}% 530
\BOOKMARK [3][-]{subsubsection.6.43.3.4}{\376\377\0006\000.\0004\0003\000.\0003\000.\0004\000\040\000s\000e\000l\000e\000c\000t\000e\000d\000\137\000e\000d\000g\000e\000s}{subsection.6.43.3}% 531
\BOOKMARK [3][-]{subsubsection.6.43.3.5}{\376\377\0006\000.\0004\0003\000.\0003\000.\0005\000\040\000s\000e\000l\000e\000c\000t\000e\000d\000\137\000p\000e\000n}{subsection.6.43.3}% 532
\BOOKMARK [3][-]{subsubsection.6.43.3.6}{\376\377\0006\000.\0004\0003\000.\0003\000.\0006\000\040\000s\000e\000l\000e\000c\000t\000i\000o\000n\000\137\000b\000r\000u\000s\000h}{subsection.6.43.3}% 533
\BOOKMARK [3][-]{subsubsection.6.43.3.7}{\376\377\0006\000.\0004\0003\000.\0003\000.\0007\000\040\000s\000e\000l\000e\000c\000t\000i\000o\000n\000\137\000p\000e\000n}{subsection.6.43.3}% 534
\BOOKMARK [3][-]{subsubsection.6.43.3.8}{\376\377\0006\000.\0004\0003\000.\0003\000.\0008\000\040\000s\000e\000l\000e\000c\000t\000i\000o\000n\000\137\000r\000e\000c\000t}{subsection.6.43.3}% 535
\BOOKMARK [1][-]{section.6.44}{\376\377\0006\000.\0004\0004\000\040\004\032\004\073\004\060\004\101\004\101\000\040\000t\000r\000a\000n\000s\000f\000o\000r\000m\000a\000t\000i\000o\000n\000\137\000o\000p\000e\000r\000a\000t\000i\000o\000n\000s\000.\000T\000r\000a\000n\000s\000f\000o\000r\000m\000a\000t\000i\000o\000n\000O\000p\000e\000r\000a\000t\000i\000o\000n\000s}{chapter.6}% 536
\BOOKMARK [2][-]{subsection.6.44.1}{\376\377\0006\000.\0004\0004\000.\0001\000\040\004\032\004\076\004\075\004\101\004\102\004\100\004\103\004\072\004\102\004\076\004\100\000\050\004\113\000\051}{section.6.44}% 537
\BOOKMARK [3][-]{subsubsection.6.44.1.1}{\376\377\0006\000.\0004\0004\000.\0001\000.\0001\000\040\000\137\000\137\000i\000n\000i\000t\000\137\000\137\000\050\000\051}{subsection.6.44.1}% 538
\BOOKMARK [2][-]{subsection.6.44.2}{\376\377\0006\000.\0004\0004\000.\0002\000\040\004\034\004\065\004\102\004\076\004\064\004\113}{section.6.44}% 539
\BOOKMARK [3][-]{subsubsection.6.44.2.1}{\376\377\0006\000.\0004\0004\000.\0002\000.\0001\000\040\000p\000e\000r\000f\000o\000r\000m\000\137\000m\000i\000r\000r\000o\000r\000\050\000\051}{subsection.6.44.2}% 540
\BOOKMARK [3][-]{subsubsection.6.44.2.2}{\376\377\0006\000.\0004\0004\000.\0002\000.\0002\000\040\000p\000e\000r\000f\000o\000r\000m\000\137\000r\000o\000t\000a\000t\000e\000\050\000\051}{subsection.6.44.2}% 541
\BOOKMARK [2][-]{subsection.6.44.3}{\376\377\0006\000.\0004\0004\000.\0003\000\040\004\024\004\060\004\075\004\075\004\113\004\065\000\040\004\072\004\073\004\060\004\101\004\101\004\060}{section.6.44}% 542
\BOOKMARK [3][-]{subsubsection.6.44.3.1}{\376\377\0006\000.\0004\0004\000.\0003\000.\0001\000\040\000c\000o\000m\000m\000a\000n\000d\000\137\000s\000e\000r\000v\000i\000c\000e}{subsection.6.44.3}% 543
\BOOKMARK [3][-]{subsubsection.6.44.3.2}{\376\377\0006\000.\0004\0004\000.\0003\000.\0002\000\040\000p\000a\000r\000e\000n\000t}{subsection.6.44.3}% 544
\BOOKMARK [3][-]{subsubsection.6.44.3.3}{\376\377\0006\000.\0004\0004\000.\0003\000.\0003\000\040\000s\000c\000e\000n\000e}{subsection.6.44.3}% 545
\BOOKMARK [3][-]{subsubsection.6.44.3.4}{\376\377\0006\000.\0004\0004\000.\0003\000.\0004\000\040\000s\000e\000l\000e\000c\000t\000i\000o\000n\000\137\000s\000e\000r\000v\000i\000c\000e}{subsection.6.44.3}% 546
\BOOKMARK [1][-]{section.6.45}{\376\377\0006\000.\0004\0005\000\040\004\032\004\073\004\060\004\101\004\101\000\040\000t\000u\000r\000b\000u\000l\000e\000n\000c\000e\000\137\000d\000i\000a\000l\000o\000g\000.\000T\000u\000r\000b\000u\000l\000e\000n\000c\000e\000D\000i\000a\000l\000o\000g}{chapter.6}% 547
\BOOKMARK [2][-]{subsection.6.45.1}{\376\377\0006\000.\0004\0005\000.\0001\000\040\004\032\004\076\004\075\004\101\004\102\004\100\004\103\004\072\004\102\004\076\004\100\000\050\004\113\000\051}{section.6.45}% 548
\BOOKMARK [3][-]{subsubsection.6.45.1.1}{\376\377\0006\000.\0004\0005\000.\0001\000.\0001\000\040\000\137\000\137\000i\000n\000i\000t\000\137\000\137\000\050\000\051}{subsection.6.45.1}% 549
\BOOKMARK [2][-]{subsection.6.45.2}{\376\377\0006\000.\0004\0005\000.\0002\000\040\004\034\004\065\004\102\004\076\004\064\004\113}{section.6.45}% 550
\BOOKMARK [3][-]{subsubsection.6.45.2.1}{\376\377\0006\000.\0004\0005\000.\0002\000.\0001\000\040\000g\000e\000t\000\137\000d\000a\000t\000a\000\050\000\051}{subsection.6.45.2}% 551
\BOOKMARK [2][-]{subsection.6.45.3}{\376\377\0006\000.\0004\0005\000.\0003\000\040\004\024\004\060\004\075\004\075\004\113\004\065\000\040\004\072\004\073\004\060\004\101\004\101\004\060}{section.6.45}% 552
\BOOKMARK [3][-]{subsubsection.6.45.3.1}{\376\377\0006\000.\0004\0005\000.\0003\000.\0001\000\040\000a\000c\000c\000e\000p\000t}{subsection.6.45.3}% 553
\BOOKMARK [3][-]{subsubsection.6.45.3.2}{\376\377\0006\000.\0004\0005\000.\0003\000.\0002\000\040\000m\000o\000d\000e\000l\000\137\000c\000o\000m\000b\000o}{subsection.6.45.3}% 554
\BOOKMARK [3][-]{subsubsection.6.45.3.3}{\376\377\0006\000.\0004\0005\000.\0003\000.\0003\000\040\000r\000e\000j\000e\000c\000t}{subsection.6.45.3}% 555
\BOOKMARK [1][-]{section.6.46}{\376\377\0006\000.\0004\0006\000\040\004\032\004\073\004\060\004\101\004\101\000\040\000t\000u\000r\000b\000u\000l\000e\000n\000c\000e\000\137\000m\000o\000d\000e\000l\000s\000.\000T\000u\000r\000b\000u\000l\000e\000n\000c\000e\000M\000o\000d\000e\000l}{chapter.6}% 556
\BOOKMARK [2][-]{subsection.6.46.1}{\376\377\0006\000.\0004\0006\000.\0001\000\040\004\024\004\060\004\075\004\075\004\113\004\065\000\040\004\072\004\073\004\060\004\101\004\101\004\060}{section.6.46}% 557
\BOOKMARK [3][-]{subsubsection.6.46.1.1}{\376\377\0006\000.\0004\0006\000.\0001\000.\0001\000\040\000K\000\137\000E\000P\000S\000I\000L\000O\000N}{subsection.6.46.1}% 558
\BOOKMARK [3][-]{subsubsection.6.46.1.2}{\376\377\0006\000.\0004\0006\000.\0001\000.\0002\000\040\000L\000A\000M\000I\000N\000A\000R}{subsection.6.46.1}% 559
\BOOKMARK [3][-]{subsubsection.6.46.1.3}{\376\377\0006\000.\0004\0006\000.\0001\000.\0003\000\040\000S\000S\000T}{subsection.6.46.1}% 560
\BOOKMARK [1][-]{section.6.47}{\376\377\0006\000.\0004\0007\000\040\004\032\004\073\004\060\004\101\004\101\000\040\000t\000u\000r\000b\000u\000l\000e\000n\000c\000e\000\137\000m\000o\000d\000e\000l\000s\000.\000T\000u\000r\000b\000u\000l\000e\000n\000c\000e\000P\000a\000r\000a\000m\000s}{chapter.6}% 561
\BOOKMARK [2][-]{subsection.6.47.1}{\376\377\0006\000.\0004\0007\000.\0001\000\040\004\024\004\060\004\075\004\075\004\113\004\065\000\040\004\072\004\073\004\060\004\101\004\101\004\060}{section.6.47}% 562
\BOOKMARK [3][-]{subsubsection.6.47.1.1}{\376\377\0006\000.\0004\0007\000.\0001\000.\0001\000\040\000m\000o\000d\000e\000l}{subsection.6.47.1}% 563
\BOOKMARK [1][-]{section.6.48}{\376\377\0006\000.\0004\0008\000\040\004\032\004\073\004\060\004\101\004\101\000\040\000c\000o\000m\000s\000o\000l\000.\000U\000i\000\137\000M\000a\000i\000n\000W\000i\000n\000d\000o\000w}{chapter.6}% 564
\BOOKMARK [2][-]{subsection.6.48.1}{\376\377\0006\000.\0004\0008\000.\0001\000\040\004\034\004\065\004\102\004\076\004\064\004\113}{section.6.48}% 565
\BOOKMARK [3][-]{subsubsection.6.48.1.1}{\376\377\0006\000.\0004\0008\000.\0001\000.\0001\000\040\000r\000e\000t\000r\000a\000n\000s\000l\000a\000t\000e\000U\000i\000\050\000\051}{subsection.6.48.1}% 566
\BOOKMARK [3][-]{subsubsection.6.48.1.2}{\376\377\0006\000.\0004\0008\000.\0001\000.\0002\000\040\000s\000e\000t\000u\000p\000U\000i\000\050\000\051}{subsection.6.48.1}% 567
\BOOKMARK [2][-]{subsection.6.48.2}{\376\377\0006\000.\0004\0008\000.\0002\000\040\004\024\004\060\004\075\004\075\004\113\004\065\000\040\004\072\004\073\004\060\004\101\004\101\004\060}{section.6.48}% 568
\BOOKMARK [3][-]{subsubsection.6.48.2.1}{\376\377\0006\000.\0004\0008\000.\0002\000.\0001\000\040\000c\000e\000n\000t\000r\000a\000l\000w\000i\000d\000g\000e\000t}{subsection.6.48.2}% 569
\BOOKMARK [3][-]{subsubsection.6.48.2.2}{\376\377\0006\000.\0004\0008\000.\0002\000.\0002\000\040\000c\000h\000e\000c\000k\000B\000o\000x\000\137\000s\000t\000r\000e\000a\000m\000\137\000l\000i\000n\000e\000s}{subsection.6.48.2}% 570
\BOOKMARK [3][-]{subsubsection.6.48.2.3}{\376\377\0006\000.\0004\0008\000.\0002\000.\0003\000\040\000c\000o\000m\000b\000o\000B\000o\000x\000\137\000e\000x\000p\000r\000e\000s\000s\000i\000o\000n}{subsection.6.48.2}% 571
\BOOKMARK [3][-]{subsubsection.6.48.2.4}{\376\377\0006\000.\0004\0008\000.\0002\000.\0004\000\040\000f\000o\000r\000m\000L\000a\000y\000o\000u\000t}{subsection.6.48.2}% 572
\BOOKMARK [3][-]{subsubsection.6.48.2.5}{\376\377\0006\000.\0004\0008\000.\0002\000.\0005\000\040\000g\000r\000o\000u\000p\000B\000o\000x\000\137\000p\000l\000o\000t\000\137\000s\000e\000t\000t\000i\000n\000g\000s}{subsection.6.48.2}% 573
\BOOKMARK [3][-]{subsubsection.6.48.2.6}{\376\377\0006\000.\0004\0008\000.\0002\000.\0006\000\040\000h\000o\000r\000i\000z\000o\000n\000t\000a\000l\000L\000a\000y\000o\000u\000t}{subsection.6.48.2}% 574
\BOOKMARK [3][-]{subsubsection.6.48.2.7}{\376\377\0006\000.\0004\0008\000.\0002\000.\0007\000\040\000h\000o\000r\000i\000z\000o\000n\000t\000a\000l\000L\000a\000y\000o\000u\000t\000\137\0002}{subsection.6.48.2}% 575
\BOOKMARK [3][-]{subsubsection.6.48.2.8}{\376\377\0006\000.\0004\0008\000.\0002\000.\0008\000\040\000l\000a\000b\000e\000l}{subsection.6.48.2}% 576
\BOOKMARK [3][-]{subsubsection.6.48.2.9}{\376\377\0006\000.\0004\0008\000.\0002\000.\0009\000\040\000l\000a\000b\000e\000l\000\137\0002}{subsection.6.48.2}% 577
\BOOKMARK [3][-]{subsubsection.6.48.2.10}{\376\377\0006\000.\0004\0008\000.\0002\000.\0001\0000\000\040\000l\000a\000b\000e\000l\000\137\0003}{subsection.6.48.2}% 578
\BOOKMARK [3][-]{subsubsection.6.48.2.11}{\376\377\0006\000.\0004\0008\000.\0002\000.\0001\0001\000\040\000l\000a\000b\000e\000l\000\137\0004}{subsection.6.48.2}% 579
\BOOKMARK [3][-]{subsubsection.6.48.2.12}{\376\377\0006\000.\0004\0008\000.\0002\000.\0001\0002\000\040\000l\000i\000n\000e\000E\000d\000i\000t\000\137\000d\000a\000t\000a\000\137\000p\000a\000t\000h}{subsection.6.48.2}% 580
\BOOKMARK [3][-]{subsubsection.6.48.2.13}{\376\377\0006\000.\0004\0008\000.\0002\000.\0001\0003\000\040\000l\000i\000n\000e\000E\000d\000i\000t\000\137\000l\000e\000v\000e\000l\000s}{subsection.6.48.2}% 581
\BOOKMARK [3][-]{subsubsection.6.48.2.14}{\376\377\0006\000.\0004\0008\000.\0002\000.\0001\0004\000\040\000p\000u\000s\000h\000B\000u\000t\000t\000o\000n\000\137\000p\000l\000o\000t}{subsection.6.48.2}% 582
\BOOKMARK [3][-]{subsubsection.6.48.2.15}{\376\377\0006\000.\0004\0008\000.\0002\000.\0001\0005\000\040\000p\000u\000s\000h\000B\000u\000t\000t\000o\000n\000\137\000s\000e\000l\000e\000c\000t\000\137\000f\000i\000l\000e}{subsection.6.48.2}% 583
\BOOKMARK [3][-]{subsubsection.6.48.2.16}{\376\377\0006\000.\0004\0008\000.\0002\000.\0001\0006\000\040\000v\000e\000r\000t\000i\000c\000a\000l\000L\000a\000y\000o\000u\000t\000\137\0003}{subsection.6.48.2}% 584
\BOOKMARK [3][-]{subsubsection.6.48.2.17}{\376\377\0006\000.\0004\0008\000.\0002\000.\0001\0007\000\040\000w\000i\000d\000g\000e\000t\000\137\000v\000i\000s\000u\000a\000l\000i\000s\000a\000t\000i\000o\000n}{subsection.6.48.2}% 585
\BOOKMARK [1][-]{section.6.49}{\376\377\0006\000.\0004\0009\000\040\004\032\004\073\004\060\004\101\004\101\000\040\000t\000e\000m\000p\000l\000a\000t\000e\000.\000U\000i\000\137\000M\000a\000i\000n\000W\000i\000n\000d\000o\000w}{chapter.6}% 586
\BOOKMARK [2][-]{subsection.6.49.1}{\376\377\0006\000.\0004\0009\000.\0001\000\040\004\034\004\065\004\102\004\076\004\064\004\113}{section.6.49}% 587
\BOOKMARK [3][-]{subsubsection.6.49.1.1}{\376\377\0006\000.\0004\0009\000.\0001\000.\0001\000\040\000r\000e\000t\000r\000a\000n\000s\000l\000a\000t\000e\000U\000i\000\050\000\051}{subsection.6.49.1}% 588
\BOOKMARK [3][-]{subsubsection.6.49.1.2}{\376\377\0006\000.\0004\0009\000.\0001\000.\0002\000\040\000s\000e\000t\000u\000p\000U\000i\000\050\000\051}{subsection.6.49.1}% 589
\BOOKMARK [2][-]{subsection.6.49.2}{\376\377\0006\000.\0004\0009\000.\0002\000\040\004\024\004\060\004\075\004\075\004\113\004\065\000\040\004\072\004\073\004\060\004\101\004\101\004\060}{section.6.49}% 590
\BOOKMARK [3][-]{subsubsection.6.49.2.1}{\376\377\0006\000.\0004\0009\000.\0002\000.\0001\000\040\000a\000c\000t\000i\000o\000n\000B\000u\000i\000l\000d\000M\000e\000s\000h}{subsection.6.49.2}% 591
\BOOKMARK [3][-]{subsubsection.6.49.2.2}{\376\377\0006\000.\0004\0009\000.\0002\000.\0002\000\040\000a\000c\000t\000i\000o\000n\000D\000i\000f\000f\000e\000r\000e\000n\000c\000e}{subsection.6.49.2}% 592
\BOOKMARK [3][-]{subsubsection.6.49.2.3}{\376\377\0006\000.\0004\0009\000.\0002\000.\0003\000\040\000a\000c\000t\000i\000o\000n\000D\000r\000a\000w\000C\000i\000r\000c\000l\000e\000B\000y\000P\000a\000r\000a\000m\000s}{subsection.6.49.2}% 593
\BOOKMARK [3][-]{subsubsection.6.49.2.4}{\376\377\0006\000.\0004\0009\000.\0002\000.\0004\000\040\000a\000c\000t\000i\000o\000n\000D\000r\000a\000w\000C\000u\000r\000v\000e\000B\000y\000P\000a\000r\000a\000m\000s}{subsection.6.49.2}% 594
\BOOKMARK [3][-]{subsubsection.6.49.2.5}{\376\377\0006\000.\0004\0009\000.\0002\000.\0005\000\040\000a\000c\000t\000i\000o\000n\000D\000r\000a\000w\000L\000i\000n\000e\000B\000y\000P\000a\000r\000a\000m\000s}{subsection.6.49.2}% 595
\BOOKMARK [3][-]{subsubsection.6.49.2.6}{\376\377\0006\000.\0004\0009\000.\0002\000.\0006\000\040\000a\000c\000t\000i\000o\000n\000D\000r\000a\000w\000P\000a\000r\000a\000m\000e\000t\000r\000i\000c}{subsection.6.49.2}% 596
\BOOKMARK [3][-]{subsubsection.6.49.2.7}{\376\377\0006\000.\0004\0009\000.\0002\000.\0007\000\040\000a\000c\000t\000i\000o\000n\000D\000r\000a\000w\000R\000e\000c\000t\000B\000y\000P\000a\000r\000a\000m\000s}{subsection.6.49.2}% 597
\BOOKMARK [3][-]{subsubsection.6.49.2.8}{\376\377\0006\000.\0004\0009\000.\0002\000.\0008\000\040\000a\000c\000t\000i\000o\000n\000I\000n\000t\000e\000r\000s\000e\000c\000t\000i\000o\000n}{subsection.6.49.2}% 598
\BOOKMARK [3][-]{subsubsection.6.49.2.9}{\376\377\0006\000.\0004\0009\000.\0002\000.\0009\000\040\000a\000c\000t\000i\000o\000n\000M\000i\000r\000r\000o\000r}{subsection.6.49.2}% 599
\BOOKMARK [3][-]{subsubsection.6.49.2.10}{\376\377\0006\000.\0004\0009\000.\0002\000.\0001\0000\000\040\000a\000c\000t\000i\000o\000n\000R\000o\000t\000a\000t\000e}{subsection.6.49.2}% 600
\BOOKMARK [3][-]{subsubsection.6.49.2.11}{\376\377\0006\000.\0004\0009\000.\0002\000.\0001\0001\000\040\000a\000c\000t\000i\000o\000n\000U\000n\000i\000o\000n}{subsection.6.49.2}% 601
\BOOKMARK [3][-]{subsubsection.6.49.2.12}{\376\377\0006\000.\0004\0009\000.\0002\000.\0001\0002\000\040\000c\000e\000n\000t\000r\000a\000l\000w\000i\000d\000g\000e\000t}{subsection.6.49.2}% 602
\BOOKMARK [3][-]{subsubsection.6.49.2.13}{\376\377\0006\000.\0004\0009\000.\0002\000.\0001\0003\000\040\000g\000r\000a\000p\000h\000i\000c\000s\000V\000i\000e\000w}{subsection.6.49.2}% 603
\BOOKMARK [3][-]{subsubsection.6.49.2.14}{\376\377\0006\000.\0004\0009\000.\0002\000.\0001\0004\000\040\000h\000o\000r\000i\000z\000o\000n\000t\000a\000l\000L\000a\000y\000o\000u\000t}{subsection.6.49.2}% 604
\BOOKMARK [3][-]{subsubsection.6.49.2.15}{\376\377\0006\000.\0004\0009\000.\0002\000.\0001\0005\000\040\000m\000a\000i\000n\000T\000o\000o\000l\000B\000a\000r}{subsection.6.49.2}% 605
\BOOKMARK [3][-]{subsubsection.6.49.2.16}{\376\377\0006\000.\0004\0009\000.\0002\000.\0001\0006\000\040\000p\000r\000o\000j\000e\000c\000t\000T\000r\000e\000e}{subsection.6.49.2}% 606
\BOOKMARK [3][-]{subsubsection.6.49.2.17}{\376\377\0006\000.\0004\0009\000.\0002\000.\0001\0007\000\040\000p\000r\000o\000p\000e\000r\000t\000i\000e\000s\000L\000a\000y\000o\000u\000t}{subsection.6.49.2}% 607
\BOOKMARK [3][-]{subsubsection.6.49.2.18}{\376\377\0006\000.\0004\0009\000.\0002\000.\0001\0008\000\040\000s\000t\000a\000t\000u\000s\000b\000a\000r}{subsection.6.49.2}% 608
\BOOKMARK [3][-]{subsubsection.6.49.2.19}{\376\377\0006\000.\0004\0009\000.\0002\000.\0001\0009\000\040\000v\000e\000r\000t\000i\000c\000a\000l\000L\000a\000y\000o\000u\000t}{subsection.6.49.2}% 609
\BOOKMARK [1][-]{section.6.50}{\376\377\0006\000.\0005\0000\000\040\004\032\004\073\004\060\004\101\004\101\000\040\000t\000u\000r\000b\000u\000l\000e\000n\000c\000e\000\137\000m\000o\000d\000e\000l\000s\000.\000W\000a\000l\000l\000B\000o\000u\000n\000d\000a\000r\000y\000C\000o\000n\000d\000i\000t\000i\000o\000n\000s}{chapter.6}% 610
\BOOKMARK [2][-]{subsection.6.50.1}{\376\377\0006\000.\0005\0000\000.\0001\000\040\004\024\004\060\004\075\004\075\004\113\004\065\000\040\004\072\004\073\004\060\004\101\004\101\004\060}{section.6.50}% 611
\BOOKMARK [3][-]{subsubsection.6.50.1.1}{\376\377\0006\000.\0005\0000\000.\0001\000.\0001\000\040\000t\000y\000p\000e}{subsection.6.50.1}% 612
\BOOKMARK [3][-]{subsubsection.6.50.1.2}{\376\377\0006\000.\0005\0000\000.\0001\000.\0002\000\040\000w\000a\000l\000l}{subsection.6.50.1}% 613
\BOOKMARK [1][-]{section.6.51}{\376\377\0006\000.\0005\0001\000\040\004\032\004\073\004\060\004\101\004\101\000\040\000t\000u\000r\000b\000u\000l\000e\000n\000c\000e\000\137\000m\000o\000d\000e\000l\000s\000.\000W\000a\000l\000l\000T\000y\000p\000e}{chapter.6}% 614
\BOOKMARK [2][-]{subsection.6.51.1}{\376\377\0006\000.\0005\0001\000.\0001\000\040\004\024\004\060\004\075\004\075\004\113\004\065\000\040\004\072\004\073\004\060\004\101\004\101\004\060}{section.6.51}% 615
\BOOKMARK [3][-]{subsubsection.6.51.1.1}{\376\377\0006\000.\0005\0001\000.\0001\000.\0001\000\040\000N\000O\000\137\000S\000L\000I\000P}{subsection.6.51.1}% 616
\BOOKMARK [3][-]{subsubsection.6.51.1.2}{\376\377\0006\000.\0005\0001\000.\0001\000.\0002\000\040\000S\000L\000I\000P}{subsection.6.51.1}% 617
\BOOKMARK [0][-]{chapter.7}{\376\377\0007\000\040\004\044\004\060\004\071\004\073\004\113}{}% 618
\BOOKMARK [1][-]{section.7.1}{\376\377\0007\000.\0001\000\040\004\044\004\060\004\071\004\073\000\040\000m\000o\000d\000u\000l\000e\000s\000/\000d\000a\000t\000a\000/\000m\000a\000i\000n\000.\000p\000y}{chapter.7}% 619
\BOOKMARK [1][-]{section.7.2}{\376\377\0007\000.\0002\000\040\004\044\004\060\004\071\004\073\000\040\000m\000o\000d\000u\000l\000e\000s\000/\000v\000i\000s\000u\000a\000l\000i\000z\000a\000t\000i\000o\000n\000/\000m\000a\000i\000n\000.\000p\000y}{chapter.7}% 620
\BOOKMARK [1][-]{section.7.3}{\376\377\0007\000.\0003\000\040\004\044\004\060\004\071\004\073\000\040\000m\000o\000d\000u\000l\000e\000s\000/\000d\000a\000t\000a\000/\000s\000r\000c\000/\000c\000o\000m\000m\000a\000n\000d\000s\000/\000a\000d\000d\000\137\000c\000o\000m\000m\000a\000n\000d\000.\000p\000y}{chapter.7}% 621
\BOOKMARK [1][-]{section.7.4}{\376\377\0007\000.\0004\000\040\004\044\004\060\004\071\004\073\000\040\000m\000o\000d\000u\000l\000e\000s\000/\000d\000a\000t\000a\000/\000s\000r\000c\000/\000c\000o\000m\000m\000a\000n\000d\000s\000/\000c\000o\000m\000m\000a\000n\000d\000.\000p\000y}{chapter.7}% 622
\BOOKMARK [1][-]{section.7.5}{\376\377\0007\000.\0005\000\040\004\044\004\060\004\071\004\073\000\040\000m\000o\000d\000u\000l\000e\000s\000/\000d\000a\000t\000a\000/\000s\000r\000c\000/\000c\000o\000m\000m\000a\000n\000d\000s\000/\000d\000e\000l\000e\000t\000e\000\137\000c\000o\000m\000m\000a\000n\000d\000.\000p\000y}{chapter.7}% 623
\BOOKMARK [1][-]{section.7.6}{\376\377\0007\000.\0006\000\040\004\044\004\060\004\071\004\073\000\040\000m\000o\000d\000u\000l\000e\000s\000/\000d\000a\000t\000a\000/\000s\000r\000c\000/\000c\000o\000m\000m\000a\000n\000d\000s\000/\000m\000o\000v\000e\000\137\000c\000o\000m\000m\000a\000n\000d\000.\000p\000y}{chapter.7}% 624
\BOOKMARK [1][-]{section.7.7}{\376\377\0007\000.\0007\000\040\004\044\004\060\004\071\004\073\000\040\000m\000o\000d\000u\000l\000e\000s\000/\000d\000a\000t\000a\000/\000s\000r\000c\000/\000c\000o\000m\000m\000a\000n\000d\000s\000/\000r\000o\000t\000a\000t\000e\000\137\000c\000o\000m\000m\000a\000n\000d\000.\000p\000y}{chapter.7}% 625
\BOOKMARK [1][-]{section.7.8}{\376\377\0007\000.\0008\000\040\004\044\004\060\004\071\004\073\000\040\000m\000o\000d\000u\000l\000e\000s\000/\000d\000a\000t\000a\000/\000s\000r\000c\000/\000d\000i\000a\000l\000o\000g\000s\000/\000b\000e\000z\000i\000e\000r\000\137\000d\000i\000a\000l\000o\000g\000.\000p\000y}{chapter.7}% 626
\BOOKMARK [1][-]{section.7.9}{\376\377\0007\000.\0009\000\040\004\044\004\060\004\071\004\073\000\040\000m\000o\000d\000u\000l\000e\000s\000/\000d\000a\000t\000a\000/\000s\000r\000c\000/\000d\000i\000a\000l\000o\000g\000s\000/\000b\000o\000u\000n\000d\000a\000r\000y\000\137\000c\000o\000n\000d\000i\000t\000i\000o\000n\000s\000\137\000d\000i\000a\000l\000o\000g\000.\000p\000y}{chapter.7}% 627
\BOOKMARK [1][-]{section.7.10}{\376\377\0007\000.\0001\0000\000\040\004\044\004\060\004\071\004\073\000\040\000m\000o\000d\000u\000l\000e\000s\000/\000d\000a\000t\000a\000/\000s\000r\000c\000/\000d\000i\000a\000l\000o\000g\000s\000/\000d\000i\000a\000l\000o\000g\000.\000p\000y}{chapter.7}% 628
\BOOKMARK [1][-]{section.7.11}{\376\377\0007\000.\0001\0001\000\040\004\044\004\060\004\071\004\073\000\040\000m\000o\000d\000u\000l\000e\000s\000/\000d\000a\000t\000a\000/\000s\000r\000c\000/\000d\000i\000a\000l\000o\000g\000s\000/\000d\000i\000a\000l\000o\000g\000\137\000f\000a\000c\000t\000o\000r\000y\000.\000p\000y}{chapter.7}% 629
\BOOKMARK [1][-]{section.7.12}{\376\377\0007\000.\0001\0002\000\040\004\044\004\060\004\071\004\073\000\040\000m\000o\000d\000u\000l\000e\000s\000/\000d\000a\000t\000a\000/\000s\000r\000c\000/\000d\000i\000a\000l\000o\000g\000s\000/\000e\000l\000l\000i\000p\000s\000e\000\137\000d\000i\000a\000l\000o\000g\000.\000p\000y}{chapter.7}% 630
\BOOKMARK [1][-]{section.7.13}{\376\377\0007\000.\0001\0003\000\040\004\044\004\060\004\071\004\073\000\040\000m\000o\000d\000u\000l\000e\000s\000/\000d\000a\000t\000a\000/\000s\000r\000c\000/\000d\000i\000a\000l\000o\000g\000s\000/\000i\000n\000i\000t\000i\000a\000l\000\137\000c\000o\000n\000d\000i\000t\000i\000o\000n\000s\000\137\000d\000i\000a\000l\000o\000g\000.\000p\000y}{chapter.7}% 631
\BOOKMARK [1][-]{section.7.14}{\376\377\0007\000.\0001\0004\000\040\004\044\004\060\004\071\004\073\000\040\000m\000o\000d\000u\000l\000e\000s\000/\000d\000a\000t\000a\000/\000s\000r\000c\000/\000d\000i\000a\000l\000o\000g\000s\000/\000l\000i\000n\000e\000\137\000d\000i\000a\000l\000o\000g\000.\000p\000y}{chapter.7}% 632
\BOOKMARK [1][-]{section.7.15}{\376\377\0007\000.\0001\0005\000\040\004\044\004\060\004\071\004\073\000\040\000m\000o\000d\000u\000l\000e\000s\000/\000d\000a\000t\000a\000/\000s\000r\000c\000/\000d\000i\000a\000l\000o\000g\000s\000/\000m\000a\000t\000e\000r\000i\000a\000l\000\137\000d\000i\000a\000l\000o\000g\000.\000p\000y}{chapter.7}% 633
\BOOKMARK [1][-]{section.7.16}{\376\377\0007\000.\0001\0006\000\040\004\044\004\060\004\071\004\073\000\040\000m\000o\000d\000u\000l\000e\000s\000/\000d\000a\000t\000a\000/\000s\000r\000c\000/\000d\000i\000a\000l\000o\000g\000s\000/\000m\000e\000s\000h\000\137\000d\000i\000a\000l\000o\000g\000.\000p\000y}{chapter.7}% 634
\BOOKMARK [1][-]{section.7.17}{\376\377\0007\000.\0001\0007\000\040\004\044\004\060\004\071\004\073\000\040\000m\000o\000d\000u\000l\000e\000s\000/\000d\000a\000t\000a\000/\000s\000r\000c\000/\000d\000i\000a\000l\000o\000g\000s\000/\000p\000a\000r\000a\000m\000e\000t\000r\000i\000c\000\137\000d\000i\000a\000l\000o\000g\000.\000p\000y}{chapter.7}% 635
\BOOKMARK [1][-]{section.7.18}{\376\377\0007\000.\0001\0008\000\040\004\044\004\060\004\071\004\073\000\040\000m\000o\000d\000u\000l\000e\000s\000/\000d\000a\000t\000a\000/\000s\000r\000c\000/\000d\000i\000a\000l\000o\000g\000s\000/\000r\000e\000c\000t\000\137\000d\000i\000a\000l\000o\000g\000.\000p\000y}{chapter.7}% 636
\BOOKMARK [1][-]{section.7.19}{\376\377\0007\000.\0001\0009\000\040\004\044\004\060\004\071\004\073\000\040\000m\000o\000d\000u\000l\000e\000s\000/\000d\000a\000t\000a\000/\000s\000r\000c\000/\000d\000i\000a\000l\000o\000g\000s\000/\000t\000u\000r\000b\000u\000l\000e\000n\000c\000e\000\137\000d\000i\000a\000l\000o\000g\000.\000p\000y}{chapter.7}% 637
\BOOKMARK [1][-]{section.7.20}{\376\377\0007\000.\0002\0000\000\040\004\044\004\060\004\071\004\073\000\040\000m\000o\000d\000u\000l\000e\000s\000/\000d\000a\000t\000a\000/\000s\000r\000c\000/\000e\000v\000e\000n\000t\000\137\000h\000a\000n\000d\000l\000e\000r\000.\000p\000y}{chapter.7}% 638
\BOOKMARK [1][-]{section.7.21}{\376\377\0007\000.\0002\0001\000\040\004\044\004\060\004\071\004\073\000\040\000m\000o\000d\000u\000l\000e\000s\000/\000d\000a\000t\000a\000/\000s\000r\000c\000/\000m\000a\000i\000n\000\137\000w\000i\000n\000d\000o\000w\000.\000p\000y}{chapter.7}% 639
\BOOKMARK [1][-]{section.7.22}{\376\377\0007\000.\0002\0002\000\040\004\044\004\060\004\071\004\073\000\040\000m\000o\000d\000u\000l\000e\000s\000/\000v\000i\000s\000u\000a\000l\000i\000z\000a\000t\000i\000o\000n\000/\000s\000r\000c\000/\000m\000a\000i\000n\000\137\000w\000i\000n\000d\000o\000w\000.\000p\000y}{chapter.7}% 640
\BOOKMARK [1][-]{section.7.23}{\376\377\0007\000.\0002\0003\000\040\004\044\004\060\004\071\004\073\000\040\000m\000o\000d\000u\000l\000e\000s\000/\000d\000a\000t\000a\000/\000s\000r\000c\000/\000o\000p\000e\000r\000a\000t\000i\000o\000n\000s\000/\000b\000o\000o\000l\000e\000a\000n\000\137\000o\000p\000e\000r\000a\000t\000i\000o\000n\000s\000.\000p\000y}{chapter.7}% 641
\BOOKMARK [1][-]{section.7.24}{\376\377\0007\000.\0002\0004\000\040\004\044\004\060\004\071\004\073\000\040\000m\000o\000d\000u\000l\000e\000s\000/\000d\000a\000t\000a\000/\000s\000r\000c\000/\000o\000p\000e\000r\000a\000t\000i\000o\000n\000s\000/\000t\000r\000a\000n\000s\000f\000o\000r\000m\000a\000t\000i\000o\000n\000\137\000o\000p\000e\000r\000a\000t\000i\000o\000n\000s\000.\000p\000y}{chapter.7}% 642
\BOOKMARK [1][-]{section.7.25}{\376\377\0007\000.\0002\0005\000\040\004\044\004\060\004\071\004\073\000\040\000m\000o\000d\000u\000l\000e\000s\000/\000d\000a\000t\000a\000/\000s\000r\000c\000/\000p\000h\000y\000s\000i\000c\000s\000/\000t\000u\000r\000b\000u\000l\000e\000n\000c\000e\000\137\000m\000o\000d\000e\000l\000s\000.\000p\000y}{chapter.7}% 643
\BOOKMARK [1][-]{section.7.26}{\376\377\0007\000.\0002\0006\000\040\004\044\004\060\004\071\004\073\000\040\000m\000o\000d\000u\000l\000e\000s\000/\000d\000a\000t\000a\000/\000s\000r\000c\000/\000s\000e\000r\000v\000i\000c\000e\000s\000/\000c\000o\000m\000m\000a\000n\000d\000\137\000s\000e\000r\000v\000i\000c\000e\000.\000p\000y}{chapter.7}% 644
\BOOKMARK [1][-]{section.7.27}{\376\377\0007\000.\0002\0007\000\040\004\044\004\060\004\071\004\073\000\040\000m\000o\000d\000u\000l\000e\000s\000/\000d\000a\000t\000a\000/\000s\000r\000c\000/\000s\000e\000r\000v\000i\000c\000e\000s\000/\000d\000r\000a\000w\000i\000n\000g\000\137\000s\000e\000r\000v\000i\000c\000e\000.\000p\000y}{chapter.7}% 645
\BOOKMARK [1][-]{section.7.28}{\376\377\0007\000.\0002\0008\000\040\004\044\004\060\004\071\004\073\000\040\000m\000o\000d\000u\000l\000e\000s\000/\000d\000a\000t\000a\000/\000s\000r\000c\000/\000s\000e\000r\000v\000i\000c\000e\000s\000/\000g\000m\000s\000h\000\137\000m\000e\000s\000h\000\137\000b\000u\000i\000l\000d\000e\000r\000.\000p\000y}{chapter.7}% 646
\BOOKMARK [1][-]{section.7.29}{\376\377\0007\000.\0002\0009\000\040\004\044\004\060\004\071\004\073\000\040\000m\000o\000d\000u\000l\000e\000s\000/\000d\000a\000t\000a\000/\000s\000r\000c\000/\000s\000e\000r\000v\000i\000c\000e\000s\000/\000s\000e\000l\000e\000c\000t\000i\000o\000n\000\137\000s\000e\000r\000v\000i\000c\000e\000.\000p\000y}{chapter.7}% 647
\BOOKMARK [1][-]{section.7.30}{\376\377\0007\000.\0003\0000\000\040\004\044\004\060\004\071\004\073\000\040\000m\000o\000d\000u\000l\000e\000s\000/\000d\000a\000t\000a\000/\000s\000r\000c\000/\000s\000h\000a\000p\000e\000s\000/\000b\000o\000o\000l\000e\000a\000n\000\137\000i\000t\000e\000m\000.\000p\000y}{chapter.7}% 648
\BOOKMARK [1][-]{section.7.31}{\376\377\0007\000.\0003\0001\000\040\004\044\004\060\004\071\004\073\000\040\000m\000o\000d\000u\000l\000e\000s\000/\000d\000a\000t\000a\000/\000s\000r\000c\000/\000s\000h\000a\000p\000e\000s\000/\000e\000l\000l\000i\000p\000s\000e\000\137\000i\000t\000e\000m\000.\000p\000y}{chapter.7}% 649
\BOOKMARK [1][-]{section.7.32}{\376\377\0007\000.\0003\0002\000\040\004\044\004\060\004\071\004\073\000\040\000m\000o\000d\000u\000l\000e\000s\000/\000d\000a\000t\000a\000/\000s\000r\000c\000/\000s\000h\000a\000p\000e\000s\000/\000l\000i\000n\000e\000\137\000i\000t\000e\000m\000.\000p\000y}{chapter.7}% 650
\BOOKMARK [1][-]{section.7.33}{\376\377\0007\000.\0003\0003\000\040\004\044\004\060\004\071\004\073\000\040\000m\000o\000d\000u\000l\000e\000s\000/\000d\000a\000t\000a\000/\000s\000r\000c\000/\000s\000h\000a\000p\000e\000s\000/\000p\000a\000r\000a\000m\000e\000t\000r\000i\000c\000\137\000c\000u\000r\000v\000e\000\137\000i\000t\000e\000m\000.\000p\000y}{chapter.7}% 651
\BOOKMARK [1][-]{section.7.34}{\376\377\0007\000.\0003\0004\000\040\004\044\004\060\004\071\004\073\000\040\000m\000o\000d\000u\000l\000e\000s\000/\000d\000a\000t\000a\000/\000s\000r\000c\000/\000s\000h\000a\000p\000e\000s\000/\000r\000e\000c\000t\000a\000n\000g\000l\000e\000\137\000i\000t\000e\000m\000.\000p\000y}{chapter.7}% 652
\BOOKMARK [1][-]{section.7.35}{\376\377\0007\000.\0003\0005\000\040\004\044\004\060\004\071\004\073\000\040\000m\000o\000d\000u\000l\000e\000s\000/\000d\000a\000t\000a\000/\000s\000r\000c\000/\000u\000i\000/\000t\000e\000m\000p\000l\000a\000t\000e\000.\000p\000y}{chapter.7}% 653
\BOOKMARK [1][-]{section.7.36}{\376\377\0007\000.\0003\0006\000\040\004\044\004\060\004\071\004\073\000\040\000m\000o\000d\000u\000l\000e\000s\000/\000d\000a\000t\000a\000/\000s\000r\000c\000/\000w\000i\000d\000g\000e\000t\000s\000/\000e\000d\000g\000e\000\137\000i\000t\000e\000m\000.\000p\000y}{chapter.7}% 654
\BOOKMARK [1][-]{section.7.37}{\376\377\0007\000.\0003\0007\000\040\004\044\004\060\004\071\004\073\000\040\000m\000o\000d\000u\000l\000e\000s\000/\000d\000a\000t\000a\000/\000s\000r\000c\000/\000w\000i\000d\000g\000e\000t\000s\000/\000e\000d\000i\000t\000a\000b\000l\000e\000\137\000b\000e\000z\000i\000e\000r\000.\000p\000y}{chapter.7}% 655
\BOOKMARK [1][-]{section.7.38}{\376\377\0007\000.\0003\0008\000\040\004\044\004\060\004\071\004\073\000\040\000m\000o\000d\000u\000l\000e\000s\000/\000d\000a\000t\000a\000/\000s\000r\000c\000/\000w\000i\000d\000g\000e\000t\000s\000/\000g\000r\000a\000p\000h\000i\000c\000s\000\137\000v\000i\000e\000w\000.\000p\000y}{chapter.7}% 656
\BOOKMARK [1][-]{section.7.39}{\376\377\0007\000.\0003\0009\000\040\004\044\004\060\004\071\004\073\000\040\000m\000o\000d\000u\000l\000e\000s\000/\000d\000a\000t\000a\000/\000s\000r\000c\000/\000w\000i\000d\000g\000e\000t\000s\000/\000g\000r\000i\000d\000\137\000s\000c\000e\000n\000e\000.\000p\000y}{chapter.7}% 657
\BOOKMARK [1][-]{section.7.40}{\376\377\0007\000.\0004\0000\000\040\004\044\004\060\004\071\004\073\000\040\000m\000o\000d\000u\000l\000e\000s\000/\000d\000o\000x\000y\000t\000e\000s\000t\000/\000d\000o\000x\000y\000t\000e\000s\000t\000.\000p\000y}{chapter.7}% 658
\BOOKMARK [1][-]{section.7.41}{\376\377\0007\000.\0004\0001\000\040\004\044\004\060\004\071\004\073\000\040\000m\000o\000d\000u\000l\000e\000s\000/\000v\000i\000s\000u\000a\000l\000i\000z\000a\000t\000i\000o\000n\000/\000s\000r\000c\000/\000m\000p\000l\000\137\000c\000a\000n\000v\000a\000s\000.\000p\000y}{chapter.7}% 659
\BOOKMARK [1][-]{section.7.42}{\376\377\0007\000.\0004\0002\000\040\004\044\004\060\004\071\004\073\000\040\000m\000o\000d\000u\000l\000e\000s\000/\000v\000i\000s\000u\000a\000l\000i\000z\000a\000t\000i\000o\000n\000/\000s\000r\000c\000/\000s\000e\000r\000v\000i\000c\000e\000s\000/\000d\000a\000t\000a\000\137\000p\000a\000r\000s\000e\000r\000.\000p\000y}{chapter.7}% 660
\BOOKMARK [1][-]{section.7.43}{\376\377\0007\000.\0004\0003\000\040\004\044\004\060\004\071\004\073\000\040\000m\000o\000d\000u\000l\000e\000s\000/\000v\000i\000s\000u\000a\000l\000i\000z\000a\000t\000i\000o\000n\000/\000s\000r\000c\000/\000s\000e\000r\000v\000i\000c\000e\000s\000/\000p\000l\000o\000t\000t\000e\000r\000.\000p\000y}{chapter.7}% 661
\BOOKMARK [1][-]{section.7.44}{\376\377\0007\000.\0004\0004\000\040\004\044\004\060\004\071\004\073\000\040\000m\000o\000d\000u\000l\000e\000s\000/\000v\000i\000s\000u\000a\000l\000i\000z\000a\000t\000i\000o\000n\000/\000s\000r\000c\000/\000u\000i\000/\000c\000o\000m\000s\000o\000l\000.\000p\000y}{chapter.7}% 662
\BOOKMARK [0][-]{section*.433}{\376\377\004\037\004\100\004\065\004\064\004\074\004\065\004\102\004\075\004\113\004\071\000\040\004\103\004\072\004\060\004\067\004\060\004\102\004\065\004\073\004\114}{}% 663
